country	czechName	teen-females	1960	1961	1962	1963	1964	1965	1966	1967	1968	1969	1970	1971	1972	1973	1974	1975	1976	1977	1978	1979	1980	1981	1982	1983	1984	1985	1986	1987	1988	1989	1990	1991	1992	1993	1994	1995	1996	1997	1998	1999	2000	2001	2002	2003	2004	2005	2006	2007	2008	2009	2010	2011	2012
Belgium	Belgie	610914	|0|2.1|2.54||151584||0.5|7.1|	|0|2|2.63||||0.5|6.8|	|0|2.1|2.59||||0.5|6.7|	|0|2.2|2.68||||0.6|6.7|	|0|2.3|2.71||||0.6|6.9|	|0|2.4|2.61||151819||0.6|7|	|0|2.5|2.52||||0.6|7.2|	|0|2.5|2.41||||0.6|7.1|	|0|2.7|2.31||||0.6|7.2|	|0|2.7|2.27||||0.7|7.5|	|0|2.8|2.25||138227||0.7|7.6|	|0|3|2.21||||0.7|7.6|	|0|3|2.09||||0.8|7.7|	|0|3|1.95||||0.9|7.6|	|0|3.1|1.83||||1|7.5|	|0|3.1|1.74||115963||1.1|7.3|	|0|3.1|1.73||||1.3|7.2|	|0|3.1|1.71||||1.3|7|	|0|3.4|1.69||||1.4|6.8|	|0|3.8|1.69||||1.4|6.6|	|0|4.1|1.68||119272||1.5|6.7|	|0|4.5|1.66||||1.6|6.5|	|0|5.2|1.61||||1.6|6.3|	|0|5.7|1.57||||1.7|6.1|	|0|6.3|1.54||||1.9|6|	|0|7.1|1.51||106025||1.9|5.8|	|0|7.8|1.54||||1.9|5.8|	|0|9.1|1.54||106612||2|5.7|	|0|10.7|1.57||106995||2.1|6|	|0|11.3|1.58|26.3|107223|1612|2|6.4|	|0|11.6|1.62|26.4|109403|1603|2|6.5|	|0|12.6|1.66|26.5|110031|1475|2.1|6.1|	10332|0|13.6|1.65|26.7|107818|1332|2.2|5.8|	10721|0|14.5|1.61|26.9|103265|1087|2.1|5.4|	11224|0|15.8|1.56|27.1|98058|932|2.2|5.1|	|0|17.3|1.56|27.3|95581|898|3.5|5.1|	|0|19.1|1.59|27.4|94257|745|2.8|5|	|0|21|1.6|27.6|91836|697|2.6|4.7|	11999|1839|23.2|1.6|27|114247|2261|2.6|4.4|0.5	12734|2022|25.5|1.62|26.8|114170|2378|2.6|4.3|0.5	13762|2082|28|1.67|27|116396|2511|2.6|4.4|	14775|2208|30.2|1.67|27|115372|2649|2.8|4.1|	14791|2122|32.5|1.65|27.2|113096|2319|3|3.9|	15595|2162|34.7|1.67|27.3|114005|2391|3|4|0.5	16024|2276|36.9|1.72|27.5|117295|2430|3|4.2|0.7	16696|2385|39.4|1.76|27.6|119622|2407|2.9|4.1|0.6	|0|40.9|1.8|27.7|122529|2426|2.8|4.2|0.5	18033|2708|43.2|1.82|27.8|124095|2461|2.8|4.3|0.5	18304|2663|44.6|1.85|27.8|127205|2463|3.3|4.3|0.5	18870|2674|45.5|1.84|28.1|127198|2439|3|4|0.4	19095|2602|45.9|1.86|28|130100|2295|2.6|3.9|0.5	19578|2662|50&p|1.81&b||||||	|0|52.3&p|1.79||||2.5|3.6|
Bulgaria	Bulharsko	316517	143155|0|8|2.31||140082|||8.8|	169060|0|8|2.29||||1.1|8.4|	95842|0|8.1|2.24||||1|8.1|	101309|0|8.4|2.21||||1|8.2|	112310|0|8.8|2.19||||1.1|8.1|	116079|0|9.4|2.09||125791||1.1|8|	121060|0|9.6|2.03||||1|8.2|	129972|0|9.7|2.02||||1.2|8.7|	113755|0|9.6|2.27||||1.2|8.9|	129852|0|9.2|2.27||||1.1|8.7|	142511|0|8.5|2.17||138745||1.2|8.6|	153687|0|9.6|2.1||||1.1|8.2|	154715|0|9.9|2.03||||1.2|8.2|	137439|0|10.7|2.15||||1.3|8.6|	144509|0|9.6|2.29||||1.3|8.5|	143450|0|9.3|2.23||144668||1.3|8.6|	142267|0|9.5|2.24||||1.3|8.4|	141917|0|9.8|2.21||||1.5|8.5|	147974|0|9.9|2.15||||1.4|8.1|	148084|0|10.6|2.16||||1.4|7.9|	156056|0|10.9|2.05||128190||1.5|7.9|	152531|0|10.3|2||||1.5|7.5|	147976|0|11.4|2.01||||1.5|7.5|	134413|0|11.3|2.01||||1.6|7.5|	131322|0|11.4|2.01||122303||1.5|7.3|	132269|0|11.7|1.97||118955||1.6|7.4|	134964|0|10.9|2.02||120078||1.1|7.3|	134097|0|10.8|1.96||116672||1.3|7.2|	133147|0|11|1.97||117440||1.4|7|	132021|0|11.4|1.9||112289||1.4|7.1|	144644|0|12.4|1.82||||1.3|6.9|	138405|0|15.5|1.66||95910||1.3|5.7|	132087|0|18.5|1.55||89134||1.1|5.2|	106863|0|22.1|1.46||84400||0.9|4.7|	97567|0|24.5|1.37||79442||0.9|4.5|	97092|11082|25.7|1.23|22.4|71967|13239|1.3|4.4|0	98490|11408|28.1|1.23|22.5|72188|12386|1.2|4.3|0	|0|30|1.09|22.8|64125|10523|1.1|4.2|0	|0|31.5|1.11|22.9|65361|10520|1.3|4.3|0	72382|7241|35.1|1.23|23|72290|10997|1.2|4.1|0	61378|6102|38.4|1.26|23.5|73679|10489|1.3|4.3|0	51165|4662|42|1.21|23.7|68180|9546|1.3|4|0	50824|4972|42.8|1.21|23.9|66499|8901|1.3|3.7|0	48035|4845|46.1|1.23|24.2|67359|8537|1.5|3.9|0	47223|4280|48.7|1.29|24.3|69886|8862|1.9|4|0	41795|3890|49|1.32|24.6|71075|8381|1.9|4.3|0	37272|3656|50.8|1.38|24.9|73978|8588|1.9|4.3|0	37594|3712|50.2|1.49&b|25&b|75349|8483|2.2|3.9|0	36593|3901|51.1|1.56|25|77712|8495|1.9|3.7|0	33733|3414|53.4|1.66|25.2|80956|8584|1.6|3.5|0	31548|3058|54.1|1.57|25.6|75513|7028|1.5|3.3|0.1	31716|3269|56.1|1.51|25.7|70846|6532|1.4|2.9|	29992|2744|57.4|1.5|25.6|69121|6165|1.6|2.9|
Czech Republic	Česká republika	470072	67550|0|4.9|2.09||128879||1.4|7.7|	70062|0|4.6|2.11||||1.5|7.7|	66031|0|4.5|2.12||||1.5|8|	51470|0|4.7|2.31||||1.5|8.3|	51524|0|4.8|2.34||||1.5|8.3|	58554|0|5|2.18||147438||1.7|8.4|	65818|0|5.3|2.02||||1.8|8.6|	69850|0|5.3|1.91||||1.8|8.9|	72488|0|5.4|1.84||||1.9|9|	74263|0|5.5|1.87||||2.1|9.1|	71893|0|5.4|1.92||147865||2.2|9.2|	68652|0|5.3|2||||2.4|9.3|	65079|0|5|2.09||||2.3|9.7|	55898|0|4.4|2.31||||2.5|10|	56969|0|4.3|2.46||||2.5|9.8|	55511|0|4.5|2.43||191776||2.6|9.7|	56889|0|4.5|2.39||||2.5|9.4|	61114|0|4.6|2.34||||2.5|9.1|	63904|0|4.7|2.33||||2.6|8.8|	64505|0|5|2.27||||2.5|8.2|	68930|0|5.6|2.08||153801||2.6|7.6|	71574|0|5.8|2||||2.7|7.5|	74531|0|6.4|2||||2.7|7.5|	75037|0|6.8|1.97||||2.8|7.8|	79534|0|7.2|1.97||136941||3|7.9|	83042|0|7.3|1.95||135881||2.9|7.8|	83564|0|7.4|1.92||133356||2.9|7.9|	109626|0|7.2|1.91||130921||3|8.1|	113730|0|7.5|1.94||132667||3|7.9|	111683|0|7.9|1.87||128356||3|7.8|	111268|0|8.6|1.9||||3.1|8.8|	106042|0|9.8|1.86||129354||2.8|7|	94180|0|10.7|1.71||121705||2.8|7.2|	70634|0|12.7|1.67||121025||2.9|6.4|	54836|0|14.5|1.44||106579||3|5.7|0.1	49531|5307|15.6|1.28|23.3|96097|7363|3|5.3|0	48086|5092|16.9|1.18|23.7|90446|5664|3.2|5.2|0	45022|4359|17.8|1.17|24|90657|4925|3.2|5.6|0	42959|4298|19|1.16|24.4|90535|4269|3.1|5.3|0	39382|3630|20.6|1.13|24.6|89471|3757|2.3|5.2|0	34623|3016|21.8|1.15|25|90910|3200|2.9|5.4|0	32528|2836|23.5|1.15|25.3|90715|2802|3.1|5.1|0	31142|2815|25.3|1.17|25.6|92786|2823|3.1|5.2|	29298|2683|28.5|1.18|25.9|93685|2814|3.8|4.8|	27574|2447|30.6|1.23|26.3|97664|2761|3.2|5|	26453|2450|31.7|1.29|26.6|102211|2659|3.1|5.1|0	25352|2315|33.3|1.34|26.9|105831|2665|3.1|5.2|0	25414|2390|34.5|1.45|27.1|114632|2671|3|5.5|0	25760|2469|36.3|1.51|27.3|119570|2718|3|5.1|0.1	24636|2282|38.8|1.51|27.4|118348|2799|2.8|4.6|0.1	23998|2041|40.3|1.51|27.6|117153|2538|2.9|4.5|0.1	24055|1941|41.8|1.43|27.8|108673|2294|2.7|4.3|	23032|1734|43.4|1.45|27.9|108576|2353|2.5|4.3|
Denmark	Dánsko	338073	3918|0|7.8|2.57||76072||1.5|7.8|	4124|0|8|2.55||||1.4|7.9|	3996|0|8.3|2.55||||1.4|8.1|	3971|0|8.9|2.67||||1.4|8.2|	4527|0|9.3|2.6||||1.4|8.4|	5188|0|9.5|2.61||85793||1.4|8.8|	5726|0|10.2|2.62||||1.4|8.6|	6324|0|11.1|2.35||||1.4|8.5|	5986|0|11.1|2.12|23.5|74543||1.6|8.1|	7295|0|11.3|2|23.5|71298||1.8|8|	9375|0|11|1.95|23.8|70802||1.9|7.4|	11157|0|12.3|2.04|24.1|75359||2.7|6.6|	12985|0|14.4|2.03|24|75505||2.6|6.2|	16536|0|17.1|1.92|24|71895||2.5|6.1|	24868|0|18.8|1.9|24|71327||2.6|6.6|	27884|0|21.7|1.92|23.9|72071||2.6|6.3|	26842|0|24|1.75|24|65267||2.6|6.1|	25662|0|25.9|1.66|24.1|61878||2.6|6.3|	23699|0|27.9|1.67|24.3|62036||2.6|5.6|	23193|0|30.7|1.6|24.4|59464||2.5|5.4|	23334|0|33.2|1.55|24.6|57293||2.7|5.2|	22779|0|35.7|1.44|24.8|53089||2.8|5|	21462|0|38.3|1.43|25|52658||2.9|4.8|	20791|0|40.6|1.38|25.3|50822||2.9|5.3|	20742|0|41.9|1.4|25.8|51800||2.8|5.6|	19919|0|43|1.45|25.6|53749||2.8|5.7|	20067|0|43.9|1.48|25.8|55312||2.8|6|	20830|0|44.5|1.5|26|56221||2.8|6.1|	21199|0|44.7|1.56|26.2|58844||2.9|6.3|	21456|0|46.1|1.62|26.3|61295||3|6|	20589|0|46.4|1.67|26.4|63377||2.7|6.1|	19729|0|46.5|1.68|26.8|64358||2.5|6|	18833|2770|46.4|1.76|26.9|67726|1194|2.5|6.2|	18687|0|46.8|1.75|27.1|67369|1112|2.5|6.1|	17598|2467|46.9|1.81|27.2|69666|1089|2.6|6.8|4.3	17720|2328|46.5|1.8|27.4|69771|933|2.5|6.6|4.7	18135|2339|46.3|1.75|27.5|67638|855|2.4|6.8|3	17152|2199|45.1|1.75|27.5|67648|907|2.4|6.5|1.2	16592|2081|44.8|1.72|27.6|66174|808|2.5|6.5|0.7	16271|1942|44.9|1.73|27.7|66220|778|2.5|6.7|0.8	15665|1953|44.6|1.77|27.8|67084|767|2.7|7.2|0.5	15314|1924|44.6|1.74|27.9|65458|721|2.7|6.8|0.6	14991|1915|44.6|1.72||64075||2.8|6.9|0.7	15567|2087|44.9|1.76||64599||2.9|6.5|0.8	15231|2295|45.4|1.78|28.4|64609|609|2.9|7|0.8	15103|2372|45.7|1.8|28.4|64282|614|2.8|6.7|0.7	15053|2518|46.4|1.85||||2.6|6.7|0.5	|0|46.1|1.84||||2.6|6.7|0.6	|0|46.2|1.89||||2.7|6.8|0.4	|0|46.8|1.84||||2.7|6|0.5	|0|47.3|1.87||||2.6|5.6|	|0|49|1.75||||2.6|4.9|	|0|50.6|1.73|29|57916|536|2.8|5.1|
Estonia	Estonsko	60387	|0||1.98||20187||2.1|10|	|0||1.98||20230||2.1|9.7|	|0||1.95||19959||2|8.9|	|0||1.89||19275||2.2|8.7|	|0||1.94||19629||2.5|8.5|	40059|0||1.88||18909||2.3|8.2|	|0||1.87||18629||3.2|8.6|	|0||1.9||18671||3.2|8.8|	|0||2.03||19782||3.1|8.9|	|0||2.13||20781||3.3|9.1|	40663|0||2.17||21552||3.2|9.1|	|0||2.19||22118||3.2|9.1|	|0||2.13||21757||3.3|8.5|	|0||2.06||21239||3.2|8.7|	|0||2.07||21461||3.3|8.7|	38927|0||2.04||21360||3.4|8.7|	|0||2.07||21801||3.6|8.6|	|0||2.06||21977||3.9|8.7|	|0||2.02||21842||3.8|8.6|	|0||2||21879||4.1|8.7|	35497|0||2.02||22204||4.1|8.8|	|0||2.07||22937||4.1|8.6|	|0||2.07||23128||3.9|8.2|	|0||2.16||24155||4.2|8.6|	33747|0||2.17||24234||4.1|8.3|	35652|0||2.13||23630||4|8.4|	35749|0||2.18||24106||3.9|8.4|	34713|0||2.27||25086||3.9|8.7|	30702|0||2.27||25060||3.8|8.3|	28216|0|25.3|2.22|22.8|24318|2107|3.8|8.1|	29410|0|27.2|2.05|22.7|||3.7|7.5|	29406|0|31.2|1.8|22.6|19413|2160|3.7|6.6|	28403|0|33.9|1.71|22.7|18038|1974|4.3|5.8|	25587|0|38.2|1.49|22.8|15253|1690|3.9|5.2|	22450|0|41|1.42|22.8|14176|1498|3.8|5|	17671|1665|44.2|1.38|23|13509|1416|5.2|4.9|	16887|1702|48.1|1.37|23.1|13242|1272|4|3.9|0.1	16615|2074|51.6|1.32|23.4|12577|1184|3.8|4|0.2	15798|2027|52.5|1.28|23.6|12167|1019|3.2|3.9|0.2	14503|1891|54.2|1.3|23.7|12425|999|3.3|4|0.1	|0|54.5|1.36|23.9|13067|971|3|3.9|0.2	|0|56.2|1.32|24.1|12632|915|3.1|4.1|0.2	|0|56.3|1.36|24.5|13001|852|3|4.2|0.2	|0|57.8|1.37|24.7|13036|842|2.9|4.2|0.5	|0|58|1.47|24.8|13992|864|3.1|4.4|1.4	|0|58.5|1.52|25.1|14350|857|3|4.5|2.2	|0|58.2|1.58|25.2|14877|867|2.8|5.2|3.3	8883|1293|57.8|1.69|25.3|15775|900|2.8|5.2|2.8	8409|1094|59|1.72|25.7|16028|778|2.6|4.6|2.9	7542|875|59.2|1.7|26|15763|618|2.4|4|3.5	7068|728|59.1|1.72|26.3|15825|496|2.2|3.8|3	6668|651|59.7|1.61|26.4|14679|421|2.3|4.1|	6056|572|58.4|1.56|26.5|14056|386|2.4|4.5|
Greece	Řecko	529052	|0|1.2|2.23||157239||0.3|7|	|0|1.2|2.13||||0.3|8.4|	|0|1.2|2.16||||0.4|8.4|	|0|1.2|2.14||||0.4|9.2|	|0|1.1|2.24||||0.4|8.9|	|0|1.1|2.25||151448||0.4|9.4|	|0|1|2.32||||0.4|8.3|	|0|1|2.45||||0.4|9.4|	|0|1.1|2.42||||0.4|7.5|	|0|1.1|2.36||||0.4|8.3|	|0|1.1|2.4||144928||0.4|7.7|	|0|1.2|2.32||||0.4|8.3|	|0|1.2|2.32||||0.4|6.8|	|0|1.3|2.27||||0.5|8.3|	|0|1.2|2.38||||0.4|7.6|	|0|1.3|2.33||142273||0.4|8.5|	|0|1.3|2.35||||0.4|6.9|	|0|1.3|2.27||||0.5|8.2|	|0|1.4|2.28||||0.5|7.7|	|0|1.4|2.26||||0.5|8.3|	|0|1.5|2.23||148134||0.7|6.5|	|0|1.6|2.09||||0.7|7.3|	|0|1.5|2.03||||0.6|6.9|	|0|1.6|1.94||||0.6|7.2|	|0|1.7|1.83||||0.9|5.5|	|0|1.8|1.67||116481||0.8|6.4|	|0|1.8|1.6||||0.9|5.8|	|0|2.1|1.5||106392||0.9|6.6|	|0|2.1|1.5||107505||0.8|4.8|	7388|0|2.1|1.4||101657||0.6|6.1|	10145|0|2.2|1.4||||0.6|5.8|	11109|512|2.4|1.38||102620||0.6|6.4|	11977|545|2.6|1.39|26|104081|4914|0.6|4.7|	12289|512|2.8|1.34|26.3|101799|4389|0.7|5.9|	12608|482|2.9|1.35|26.4|103763|3986|0.7|5.4|0.7	13532|539|3|1.31|26.6|101495|3698|1|6|0.6	12542|485|3.3|1.28|26.8|100718|3539|0.9|4.2|0.6	12853|0|3.5|1.28|27|102038|3423|0.9|5.6|0.3	11838|0|3.8|1.26|27.2|100894|3235|0.7|5.1|0.3	11824|488|3.9|1.24|27.4|100643|3061|0.9|5.6|0.3	18015|689|4|1.27|28|103267|2151|1|4.5|0.3	22223|697|4.3|1.25|27.7|102282|2970|1|5.3|0.2	16173|664|4.4|1.27|27.9|103569|2802|1|5.3|0.3	15782|577|4.8|1.28|28.1|104420|2768|1.1|5.5|0.2	|0|5.1|1.3|28.3|105655|2631|1.1|4.6|0.1	|0|5.1|1.32|28.5|107545|2458|1.2|5.5|0.2	|0|5.3|1.4|28.6|112042|2595|1.2|5.2|0.2	|0|5.8|1.38|28.8|111926|2561|1.2|5.5|0.2	|0|5.9|1.47|28.8|118302|2702|1.2|4.8|0.1	|0|6.6|1.49|29|117933|2644|1.2|5.3|0.1	|0|7.3|1.51|29.1|114766|2555|1.2|5.1|0.2	|0|7.4|1.39|29.4|106428|2236||5|	|0|7.6|1.34|29.7|100371|1946||4.5|
Spain	Španělsko	2131734	|0|2.3||||||7.8|	|0|2.2||||||7.7|	|0|2.1||||||7.6|	|0|1.9||||||7.6|	|0|1.8||||||7.4|	|0|1.7||||||7.1|	|0|1.6||||||7.1|	|0|1.5||||||7.1|	|0|1.4||||||7|	|0|1.4||||||7.2|	|0|1.4||||||7.3|	|0|1.3|2.88|||||7.4|	|0|1.4|2.86|||||7.6|	|0|1.6|2.84|||||7.7|	|0|1.5|2.89|||||7.6|	|0|2|2.8||669378|||7.6|	|0|2.2|2.79|||||7.3|	|0|2.3|2.66|||||7.2|	|0|2.5|2.54|||||7|	|0|2.8|2.36|||||6.6|	|0|3.9|2.2||571018|||5.9|	|0|4.4|2.04||||0.3|5.4|	|0|5.1|1.94||||0.6|5.1|	|0|5.2|1.8||485352||0.5|5.1|	|0|6.8|1.73||473281||0.5|5.2|	|0|8|1.64|25.8|456298||0.5|5.2|	|0|8|1.56|25.9|438750||0.5|5.4|	16766|0|8.3|1.5|26.1|426782||0.5|5.6|	26069|0|9.1|1.45|26.2|418919||0.6|5.7|	30552|0|9.4|1.4|26.6|408434|16566|0.6|5.7|	37231|4920|9.6|1.36|26.8|401425|15039|0.6|5.7|	41910|5372|10|1.33|27.2|395989|14100|0.7|5.6|	44962|6131|10.5|1.32|27.5|396747|12932|0.7|5.6|	45503|6203|10.8|1.27|27.8|385786|11557|0.7|5.1|	47832|6695|10.8|1.2|28.1|370148|10334|0.8|5.1|11.1	49367|6745|11.1|1.17|28.4|363469|9521|0.8|5.1|12.8	51002|7311|11.7|1.16|28.4|362626|8834|0.8|4.9|12.5	49578|7189|13.1|1.18|28.7|369035|8984|0.9|5|6.5	53847|7774|14.5|1.16|28.9|365193|8668|0.9|5.2|4.1	58399|8669|16.3|1.19|29|380130|9014|0.9|5.2|4.2	63756|9204|17.7|1.23|29.1|397632|8981|0.9|5.4|3.9	69857|9918|19.7|1.24|29.2|405313|9448|1|5.1|3.7	77125|10659|21.7|1.25|29.2|417688|9322|1|5.1|3.6	79788|10957|23.4|1.3|29.3|440531|9899|1.1|5|3.6	84985|12046|25.1|1.31|29.4|453172|9913|1.2|5|3.4	91664|12883|26.5|1.33|29.4|464811|10323|1.7|4.7|3.1	101592|13894|28.4|1.36|29.4|481295|10837|2.9|4.5|2.8	112138|15307|30.2|1.38|29.4|491138|11588|2.8|4.4|2.7	115812|14939|33.2|1.45|29.3|518503|11845|2.4|4.2|2.5	111482|13967|34.5|1.38|29.6|493717|10368|2.1|3.7|2.2	113031|14122|35.5|1.37|29.8|485252|9285|2.2|3.6|2.1	118359|14586|37.4|1.34|30.1|470553|8160|2.2|3.4|	112390|13658|35.5|1.32|30.3|452273|7716|2.2|3.5|
France	Francie	3928650	|0||||||||	|0||||||||	|0||||||||	|0||||||||	|0||||||||	|0||||||||	|0||||||||	|0||||||||	|0||||||||	|0||||||||	|0||||||||	|0||||||||	|0||||||||	|0||||||||	|0||||||||	|0||||||||	|0||||||||	|0||||||||	|0||||||||	|0||||||||	|0||||||||	|0||||||||	|0||||||||	|0||||||||	|0||||||||	|0||||||||	|0||||||||	|0||||||||	|0||||||||	|0||||||||	205940|24330||||||||	209093|25283||||||||	201735|23988||||||||	201267|23580||||||||	200012|23394|||||||4.4|	191392|23280||||||2.1|4.4|	200138|25638||||||2|4.8|	201760|26223||||||2|4.9|	208379|27468|41.7|1.78|27.7|768581|16054|2|4.6|	209991|28745|42.7|1.81|27.8|776548|17306|2|4.9|	|0|43.6|1.89|27.8|808249|18467|1.9|5|	214708|28717|44.7|1.9|28|804052|18907|1.9|4.8|1.9	219216|28756|45.2|1.88|28.1|793606|18003|1.9|4.6|1.8	215537|28786|46.2|1.89|28.3|793893|17636|2.1|4.6|1.7	222883|31274|47.4|1.92|28.4|800240|17924|2.2|4.5|1.7	218367|32231|48.4|1.94|28.5|807787|17826|2.5|4.5|1.5	|0|50.5|2|28.6|830288|17528|2.2|4.3|1.4	225741|33080|51.7|1.98||||2.1|4.3|1.3	|0|52.6|2.01||||2.1|4.1|1.1	|0|53.7|2||||2|3.9|0.9	|0|55|2.03||||2.1|3.9|0.8	|0|55.8|2.01||||2|3.6|	|0||2.01|||||3.7|
Croatia	Chorvatsko	226928	|0|7.4|||||1.2|8.9|	|0|7.1|||||1.2|8.8|	|0|6.5|||||1.2|8.6|	|0|6.9|||||1.2|8|	|0|6.8|||||1.2|8.5|	33260|0|6|||||1.3|9|	|0|5.7|||||1.3|8.6|	|0|5.4|||||1.1|8.3|	|0|5.5|||||1.1|8.1|	37119|0|5.6|||||1.2|8.1|	38529|0|5.4|||||1.2|8.5|	36575|0|5.2|||||1.2|8.5|	37139|0|5.2|||||1.3|8.5|	37493|0|5|||||1.3|8.3|	39441|0|5|||||1.4|8|	40870|0|4.9|||||1.3|8|	41216|0|4.9|||||1.3|7.7|	43789|0|4.8|||||1.2|7.8|	42332|0|4.7|||||1.3|7.8|	44567|0|5.1|||||1.1|7.4|	47827|0|5.1|||||1.2|7.2|	51975|0|5.2|||||1.2|7.3|	51534|0|5.4|||||1.2|7.2|	47996|0|5.5|||||1.1|7.1|	48771|0|5.5|||||1.1|6.9|	51549|0|5.9|||||1.1|6.6|	50058|0|6.2|||||1.3|6.5|	48608|0|6.4|||||1.2|6.6|	42864|0|6.3|||||1.2|6.2|	43233|0|6.6|||||1.1|6.1|	38644|0|7|||||1.1|5.8|	33351|0|7.5|||||1|4.6|	26223|0|7.7|||||0.8|4.8|	25179|0|7.7|||||1|5|	19673|0|7.6|||48584||1|5.2|	14282|0|7.5|||||0.9|5.3|	12339|0|7.1|||53811||0.8|5.4|	10036|592|7.3|||55501||0.9|5.4|	8907|534|8.1|||47068||0.9|5.3|	8064|451|8.2|||45179|1758|0.8|5.3|	7534|426|9|||43746|1617|1|4.9|	6574|453|9.4|1.46|25.7|40993|1607|1.1|5.1|	6191|482|9.6|1.42|25.8|40094|1550|1|5.3|0.2	5923|494|10.1|1.41|26|39668|1416|1.1|5.2|0	5232|393|10.4|1.43|26.3|40307|1411|1.2|5.3|0.1	4563|355|10.5|1.5|26.4|42492|1347|1.1|5.1|0.1	4733|414|11|1.47|26.6|41446|1364|1.1|5.1|0.2	4573|423|11.5|1.48|26.7|41910|1329|1.1|5.4|0	4497|358|12|1.55|26.9|43753|1331|1.2|5.4|0.1	4450|378|12.9|1.58|27.2|44577|1202|1.2|5.2|0.2	3774|321|13.3|1.55|27.5|43361|1121|1.2|5|0.2	4347|346|14|1.48|27.6|41197|1084|1.3|4.7|	3571|297|15.4|1.51|27.8|41771|1025|1.3|4.8|
Italy	Itálie	2731056	|0|2.4|2.37||888154|||7.7|	|0|2.4|2.42|||||7.9|	|0|2.2|2.44|||||8|	|0|2.2|2.5|||||8.2|	|0|2|2.65|||||8.1|	|0|2|2.59||970850|||7.7|	|0|2|2.57|||||7.3|	|0|2|2.5|||||7.2|	|0|2|2.49|||||7|	|0|2|2.46|||||7.2|	|0|2.2|2.38||881832|||7.3|	|0|2.3|2.4||||0.3|7.5|	|0|2.5|2.35||||0.6|7.7|	|0|2.5|2.3||||0.3|7.6|	|0|2.6|2.28||||0.3|7.3|	|0|2.6|2.17||806391||0.2|6.7|	|0|3.1|2.04||||0.2|6.4|	|0|3.5|1.93||||0.2|6.2|	|0|3.9|1.84||||0.2|5.9|	|0|3.9|1.73||||0.2|5.8|	213310|16576|4.3|1.64|25.1|640401||0.2|5.7|	218818|17702|4.4|1.58|25.2|623103||0.2|5.6|	231008|19296|4.7|1.56|25.3|619097||0.3|5.5|	231061|19053|4.9|1.51|25.5|601928||0.2|5.4|	228377|18318|5.1|1.46|25.7|587871||0.3|5.3|	210640|15954|5.4|1.42|25.9|577345||0.3|5.3|	197165|14504|5.6|1.35|26.1|555445||0.3|5.3|	190371|13917|5.8|1.33|26.3|551539||0.5|5.4|	178425|12857|5.8|1.36|26.5|569698||0.5|5.6|	171351|12527|6.1|1.33|26.7|560688||0.5|5.7|	166046|12005|6.5|1.33|26.9|569255||0.5|5.6|	159399|11562|6.7|1.3|27.1|562787|12664|0.5|5.5|	152424|11638|6.7|1.3|27.4|567841|11110|0.5|5.5|	147674|11969|7.4|1.25|27.5|549484|11505|0.4|5.3|	138952|10932|7.8|1.21|27.7|533050|10126|0.5|5.1|7	137020|10918|8.1|1.19|28.1|525609|9191|0.5|5.1|7.7	138925|11424|8.3|1.2|28.2|528103|8471|0.6|4.9|7.2	140166|11223|7|1.21|28.7|534461|6891|0.6|4.9|3.8	138354|11118|8.7|1.21||||0.6|4.9|2.1	138708|11383|9.2|1.23||||0.6|4.9|1.7	138708|11383|9.7|1.26||||0.7|5|1.6	132073|10693|9.9|1.25||||0.7|4.6|1.6	131039|10604|10.9|1.27||||0.7|4.7|1.5	124118|9980|13|1.29||||0.8|4.6|2.1	137140|11156|13.5|1.34||||0.8|4.3|	129272|10528|15.2|1.34||||0.8|4.3|	125782|10738|16.2|1.37||||0.9|4.2|1.5	125116|10932|17.7|1.4||||0.9|4.3|1.6	118891|10290|18.9|1.45||||0.9|4.2|1.5	114793|9839|19.8|1.45||||0.9|3.9|1.4	112463|9557|21.5|1.46||||0.9|3.7|1.3	|0|23.4|1.44||||0.9|3.4|	|0|28|1.43|||||3.5|
Latvia	Lotyšsko	92386	|0|11.9|||35468||2.4|11|	|0|12.3|||||2.4|10.5|	|0|12.4|||||2.5|10|	|0|12.3|||||2.3|9.5|	|0|12.8|||||2.3|8.6|	|0|13.3|||31212||2.8|8.8|	|0|12.6|||||4.8|9.8|	|0|12.3|||||4.2|9.9|	|0|12.1|||||4.3|10.2|	|0|8.3|||||4.4|10|	|0|11.4|||||4.6|10.2|	|0|11.1|||||4.6|10|	|0|11.7|||||4.5|9.4|	|0|11.7|||||4.8|9.8|	|0|11.6|||||4.9|10|	|0|11.7|||34810||4.8|10|	|0|12.2|||||5|9.6|	|0|12.1|||||5.1|10|	|0|12|||34258|3178|5.1|10.2|	|0|12.3|||34683|3335|5.5|10|	|0|12.5|||35534|3560|5|9.8|	|0|12.9|||35732|3406|4.9|9.8|	|0|13.2|||37477|3350|4.8|9.7|	|0|13.5|||40572|3322|4.9|9.5|	|0|14.3|||40847|3484|4.7|9.2|	|0|14.4|||39751|3498|4.5|9.3|	|0|15|||41960|3754|4.3|9.7|	|0|15.5|||42135|3820|4.1|9.7|	|0|15.5|||41275|3939|4.1|9.5|	|0|15.9|||38922|3991|4.2|9.2|	|0|16.9|||37918|4436|4|8.9|	38837|0|18.4|||34633|4406|4.2|8.4|	34325|0|19.6|||31569|4059|5.6|7.2|	31352|0|23|||26759|3621|4|5.7|	26795|0|26.4|||24256|2770|3.3|4.6|	25933|0|29.9|||21595|2416|3.1|4.5|	24227|2563|33.1|||19782|2080|2.5|3.9|	21768|2509|34.8|||18830|1748|2.5|4|	|0|37.1|||18410|1576|2.6|4|0.1	18031|1777|39.1|||19396|1629|2.5|3.9|0.1	17240|1602|40.4|1.25|24|20302|1607|2.6|3.9|0.1	15647|1485|42.1|1.22|24.2|19726|1538|2.5|4|0.3	14685|1526|43.1|1.26|24.4|20127|1458|2.6|4.2|0.2	14508|1540|44.3|1.32|24.6|21151|1527|2.1|4.4|0.5	13723|1508|45.3|1.29|24.8|20551|1462|2.3|4.6|0.7	12785|1438|44.7|1.39|25|21879|1443|2.8|5.6|1.1	11825|1328|43.8|1.46|25.1|22871|1572|3.3|6.6|1.2	11814|1401|43.2|1.54|25.2|23958|1519|3.4|7|1.8	10425|1160|43.2|1.58|25.3|24397|1500|2.9|5.9|2.6	8881|800|43.5|1.46|25.7|22044|1142|2.4|4.6|3	7443|676|44.4|1.36|26|19781|860|2.4|4.4|2.7	7089|518|44.6|1.33|25.9|18825|831|4|5.2|	6197|476|45|1.44|26|19897|783|3.6|5.5|
Lithuania	Litva	164756	36500|0||||62485||0.9|10.1|	|0||||||0.9|9.9|	|0||||||0.9|9.3|	|0||||||0.8|8.7|	|0||||||0.9|8.6|	44492|0||||53818||0.9|8.4|	45233|0||||||1.8|9.2|	44919|0||||||1.8|9.2|	46250|0||||||2|9.5|	45840|0||||||2.1|9.7|	45298|0|3.7|2.4||55519||2.2|9.5|	46563|0|5|2.41||56044||2.2|9.2|	46723|0|6|2.34||54616||2.3|8.8|	46288|0|5.9|2.22||51944||2.5|8.8|	46658|0|6.1|2.21||51941||2.5|8.8|	45582|0|6.2|2.18||51766||2.7|9|	|0|6.1|2.18||52296||2.9|9|	|0|6.6|2.14||52166||3.1|9.2|	|0|8.4|2.08||||3|9.1|	|0|6.6|2.05||||3.2|9.4|	45200|0|6.3|1.99||51765||3.2|9.2|	46000|0|6.9|1.98||||3.2|9.1|	45100|0|7.3|1.97||||3.1|9.4|	44200|0|7.5|2.1||57589||3.2|9.6|	40980|0|7.2|2.07||57576||3.2|9.7|	41968|0|7|2.08||58454||3.2|9.7|	39245|0|7|2.12||59705||3.3|9.9|	37783|0|7.1|2.11||59360||3.2|9.7|	34845|0|6.5|2.02||56727||3.2|9.6|	50117|0|6.7|1.98||55782||3.3|9.4|	48745|0|7|2.03||||3.4|9.8|	40765|0|7|2.01||56219||4.1|9.2|	40952|0|7.9|1.97||53617||3.8|8.1|	35211|0|9.1|1.74||46727||3.8|6.4|	30355|0|10.9|1.57|23|42376|4020|3|6.4|	31278|1675|12.8|1.55|23.2|41195|3908|2.8|6.1|	27832|1788|14.3|1.49|23.2|39066|3611|3.1|5.7|	22680|1536|16.5|1.47|23.4|37812|3192|3.2|5.3|	21022|1475|18|1.46|23.6|37019|2885|3.3|5.2|0.1	18846|1257|19.8|1.46|23.8|36415|2579|3.2|5.1|0	16259|1166|22.6|1.39|23.9|34149|2415|3.1|4.8|0.2	13677|1010|25.4|1.29|24.2|31185|2155|3.2|4.5|0.1	12495|863|28|1.23|24.3|29541|2114|3.1|4.7|0.2	11513|875|29.5|1.26|24.4|29977|2144|3.1|5|0.2	10644|908|28.5|1.27|24.7|29769|1962|3.3|5.7|0.2	9972|828|28|1.29|24.8|29510|1915|3.3|6|0.1	9536|896|28.8|1.33|25|29606|1881|3.4|6.5|0.2	9596|870|27.8|1.36|25.3|30020|1763|3.5|7.1|0.3	9031|793|26.6|1.45|25.6|31536|1769|3.2|7.5|0.4	8024|630|25.4|1.5|26|32165|1421|2.9|6.5|0.4	6989|492|25.7|1.5|26.4|30676|1101|3.2|6|0.6	6205|493|27.7|1.55|26.5|30268|1097|3.4|6.3|	6033|463|28.8|1.6|26.6|30459|1002|3.5|6.9|
Hungary	Maďarsko	510818	162160|0|5.5|2.02||146461||1.7|8.9|	169992|0|5.5|1.94||||1.7|8.3|	163656|0|5.4|1.79||||1.7|8.1|	173835|0|5.3|1.82||||1.8|8.4|	184367|0|5.2|1.82||||1.9|8.7|	180269|0|5.2|1.82||133009||2|8.8|	186773|0|5.1|1.89||||2|9.2|	187527|0|5|2.01||||2.1|9.4|	201096|0|5|2.06||||2.1|9.3|	206817|0|5.2|2.04||||2.1|9.3|	192283|0|5.4|1.98||151819||2.2|9.3|	187425|0|5.8|1.93||||2.3|9.1|	179035|0|6|1.93||||2.3|9.4|	169650|0|5.9|1.93||||2.4|9.7|	102022|0|5.7|2.27||||2.3|9.5|	96212|0|5.6|2.35||194240||2.5|9.8|	94720|0|5.7|2.23||||2.6|9.5|	89096|0|5.9|2.15||||2.6|9.1|	83545|0|6.3|2.06||||2.7|8.7|	80767|0|6.6|2.01||||2.6|8.1|	80882|0|7.1|1.91||148673||2.6|7.5|	78421|0|7.4|1.88||||2.6|7.2|	78682|0|7.7|1.8||||2.7|7.1|	78599|0|8.3|1.75||127258||2.7|7.1|	82191|0|8.8|1.75||125359||2.7|7|	81970|0|9.2|1.85||130200||2.8|6.9|	83586|0|9.5|1.84||128204||2.8|6.8|	84547|0|10.4|1.82||125840||2.8|6.2|	87106|0|11.9|1.81||124296||2.3|6.2|	90508|0|12.4|1.82||123304||2.4|6.4|	90394|0|13.1|1.87||||2.4|6.4|	89931|0|14.1|1.87||127207||2.4|5.9|	87065|0|15.6|1.77||121724||2.1|5.5|	75258|0|17.6|1.68||117033||2.2|5.2|	74491|0|19.4|1.64|23.6|115598|11207|2.3|5.2|0.3	76957|13034|20.7|1.57|23.8|112054|10069|2.4|5.2|0.1	76600|11661|22.6|1.46|24|105272|9030|2.2|4.7|0.2	74564|10797|25|1.37|24.2|100350|8072|2.4|4.6|0.2	68971|9579|26.6|1.32|24.5|97301|7251|2.5|4.4|0.2	65981|8569|28|1.28|24.8|94645|6357|2.5|4.4|0.1	59249|7323|29|1.32|25.1|97597|6190|2.3|4.7|0.1	56404|6562|30.3|1.31|25.3|97047|5798|2.4|4.3|0.1	56075|6492|31.4|1.3|25.6|96804|5591|2.5|4.5|0.1	53789|6328|32.3|1.27|25.9|94647|5395|2.5|4.5|0.1	52539|6181|34|1.28|26.3|95137|5359|2.4|4.3|0.1	48689|5783|35|1.31|26.6|97496|5157|2.5|4.4|0.1	46324|5500|35.6|1.34|26.9|99871|5062|2.5|4.4|0	43870|5293|37.5|1.32|27.1|97613|4981|2.5|4.1|0.1	44089|5363|39.5|1.35|27.2|99149|5147|2.5|4|0	43181|5337|40.8|1.32|27.4|96442|4878|2.4|3.7|0.1	40449|5020|40.8|1.25|27.7|90335|4386|2.4|3.6|0.1	38443|4709|42.3|1.26|27.7|88049|4218|2.3|3.6|	36118|4525|44.5|1.34&b|27.7&b|90269|4517|2.2&b|3.6&b|
Netherlands	Nizozemsko	981439	|0|1.4|3.12||239128|5432|0.5|7.7|	|0|1.4|3.22||247407|6222|0.5|7.9|	|0|1.5|3.18||246150|6912|0.5|7.9|	|0|1.6|3.19||249879|7694|0.5|7.9|	|0|1.7|3.17||250914|8334|0.5|8.5|	|0|1.8|3.04||245216|9743|0.5|8.8|	|0|2|2.9||239611|9304|0.5|9|	|0|2.1|2.81||238678|9043|0.6|9.1|	|0|2|2.72||237112|8732|0.6|9.2|	|0|2.2|2.75||247588|9196|0.7|9.1|	|0|2.1|2.57||238912|9239|0.8|9.5|	16500|0|2|2.36||227180|9229|0.9|9.3|	21000|0|1.9|2.15||214133|8285|1.1|8.8|	20300|0|1.9|1.9||194993|7233|1.3|8|	17600|0|2|1.77||185982|6383|1.4|8.1|	15500|0|2.1|1.66||177876|5384|1.5|7.3|	14800|0|2.5|1.63||177090|4861|1.5|7|	16100|0|2.7|1.58||173296|4375|1.6|6.7|	15300|0|3.1|1.58||175550|4256|1.6|6.4|	16600|0|3.4|1.56||174979|4088|1.7|6.1|	19700|0|4.1|1.6||181294|4203|1.8|6.4|	19500|0|4.8|1.56||178569|4202|2|6|	19100|0|5.9|1.5||172071|3740|2.2|5.8|	19623|0|7|1.47||170246|3469|2.3|5.4|	18700|0|7.7|1.49||174436|3237|2.4|5.6|	17300|0|8.3|1.51||178136|2988|2.3|5.7|	18252|0|8.8|1.55||184513|3044|2|6|	17760|0|9.3|1.56||186667|3057|1.9|6|	18014|0|10.2|1.55||186647|3171|1.9|6|	17996|0|10.7|1.55||188979|3171|1.9|6.2|	18384|0|11.4|1.62||||1.9|6.5|	19568|0|12|1.61||198665|3072|1.9|6.4|	19422|0|12.4|1.59|28|196734|2692|2|6.2|	19804|0|13.1|1.57|28.2|195748|2461|2|5.8|	20811|0|14.3|1.57|28.2|195611|2288|2.4|5.4|2.7	|0|15.5|1.53|28.4|190513|1904|2.2|5.3|2.6	|0|17|1.53|28.6|189521|1857|2.2|5.5|2	22413|0|19.2|1.56|28.6|192443|1979|2.2|5.4|1.1	|0|20.8|1.63|28.7|199408|2038|2.1|5.5|0.8	|0|22.7|1.65|28.7|200445|2323|2.1|5.7|0.8	|0|24.9|1.72|28.6|206619|2503|2.2|5.5|0.8	|0|27.2|1.71|28.6|202603|2686|2.3|5|0.7	|0|29.1|1.73|28.7|202083|2649|2.1|5.2|0.5	|0|30.7|1.75|28.8|200297|2484|1.9|4.9|0.5	|0|32.5|1.72|28.9|194007|2182|1.9|4.4|0.5	|0|34.9|1.71|29|187910|2010|2|4.4|0.5	|0|37.1|1.72|29|185057|1949|1.9|4.4|0.3	|0|39.5|1.72|29|181336|1858|2|4.3|0.4	|0|41.2|1.77|29.1|184634|1905|2|4.5|0.3	|0|43.3|1.79|29.2|184915|1953|1.9|4.4|0.4	|0|44.3|1.79|29.2|184397|1881|2|4.5|0.3	|0|45.3|1.76|29.3|180060|1715|2|4.3|	|0|46.6|1.72|29.3|175959|1588|2.1|4.2|
Austria	Rakousko	437598	18926|0|13|2.69||||1.1|8.3|	|0|12.6|2.78||||1.1|8.5|	|0|12|2.8||||1.1|8.4|	|0|11.6|2.82||||1.1|8.1|	|0|11.3|2.79||||1.2|8|	18685|0|11.2|2.7||||1.2|7.8|	|0|11.4|2.66||||1.2|7.6|	|0|11.5|2.62||||1.2|7.6|	|0|12|2.58||||1.3|7.6|	|0|12.2|2.49||||1.3|7.3|	15613|0|12.8|2.29||||1.4|7.1|	|0|13|2.2||||1.3|6.4|	|0|13.7|2.08||||1.3|7.6|	|0|13.7|1.94||||1.3|6.5|	|0|13.8|1.91||||1.4|6.5|	26433|0|13.5|1.83||||1.4|6.1|	|0|13.8|1.69||||1.5|6|	|0|14.2|1.63||||1.5|6|	|0|14.8|1.6||||1.6|5.9|	|0|16.5|1.6||||1.7|6|	23394|0|17.8|1.65||75194||1.8|6.2|	|0|19.5|1.67||76079||1.8|6.3|	|0|21.6|1.66||74713||1.9|6.3|	|0|22.4|1.56||70285||1.9|7.4|	19242|0|21.5|1.52|24.1|89234|6162|2|6.1|	17907|0|22.4|1.47|24.3|87440|5592|2|5.9|	16846|0|23.3|1.45|24.4|86964|5222|1.9|6.1|	15547|0|23.4|1.43|24.6|86503|4725|1.9|10.1|	15082|0|21|1.45|24.7|88052|4460|2|4.7|	|0|22.6|1.45|24.8|88759|4194|2|5.6|	|0|23.6|1.46|25|||2.1|5.9|	|0|24.8|1.51|25|94629|4231|2.1|5.7|	|0|25.2|1.51|25|95302|4126|2.1|5.8|	|0|26.3|1.5|25.1|95227|3844|2.1|5.7|	|0|26.8|1.47|25.4|92415|3193|2.1|5.5|2.1	|0|27.4|1.42|25.7|88669|2869|2.3|5.4|2.1	|0|28|1.45|25.9|88809|2613|2.3|5.3|1.3	|0|28.8|1.39|26|84045|2483|2.3|5.2|0.7	|0|29.5|1.37|26.2|81233|2505|2.2|4.9|0.7	|0|30.5|1.34|26.3|78138|2340|2.3|4.9|0.7	|0|31.3|1.36|26.4|78268|2420|2.4|4.9|0.6	|0|33.1|1.33|26.5|75458|2504|2.6|4.3|0.6	|0|33.8|1.39|26.8|78399|2449|2.5|4.5|0.6	|0|35.3|1.38|26.9|76944|2360|2.3|4.6|0.6	|0|35.9|1.42|27|78968|2419|2.4|4.7|0.6	|0|36.5|1.41|27.3|78190|2326|2.4|4.8|0.8	|0|37.2|1.41|27.5|77914|2171|2.5|4.5|0.5	|0|38.3|1.38|27.7|76250|2033|2.5|4.3|0.7	|0|38.8|1.42|27.8|77752|2089|2.4|4.2|0.5	|0|39.3|1.39|28|76344|1916|2.3|4.3|0.4	|0|40.1|1.44|28.2|78742|1874|2.1|4.5|0.5	|0|40.4|1.43|28.5|78109|1637|2.1|4.3|	|0|41.5|1.44|28.7|78952|1532|2|4.6|
Poland	Polsko	1996611	150418|0||||||0.5|8.2|	|0||||||0.6|7.9|	|0||||||0.6|7.5|	|0||||||0.6|7.2|	|0||||||0.7|7.4|	168587|0||||547397||0.7|6.4|	|0||||||0.8|7.1|	|0||||||0.8|7.4|	|0||||||0.9|8|	|0||||||1|8.3|	148219|0|5|||547819||1.1|8.6|	|0||||||1.1|8.9|	|0||||||1.1|9.3|	|0||||||1.2|9.4|	|0||||||1.2|9.5|	138634|0|4.7|||646381||1.2|9.7|	|0||||||1.1|9.5|	|0||||||1.2|9.4|	|0||||||1|9.4|	|0||||||1.1|9|	137950|0|4.8|||695759||1.1|8.6|	|0||||||1.1|9|	|0||||||1.3|8.7|	130980|0||||723605||1.3|8.4|	132844|0||||701720||1.4|7.7|	135564|0|5|||680091||1.3|7.2|	129716|0||||637213||1.4|6.9|	123534|0||||607790||1.3|6.7|	108367|0||||589938||1.3|6.5|	82137|0||||564431||1.2|6.7|	59417|0|6.2|2.06||||1.1|6.7|	30878|0|6.6|2.07||547719||0.9|6.1|	11640|0|7.2|1.95||515214||0.8|5.7|	1208|0|8.2|1.87||494310||0.7|5.4|	782|0|9|1.81||481285||0.8|5.4|0	559|0|9.5|1.62|23.7|433109|24351|1|5.4|0	491|0|10.2|1.59|23.9|428203|23127|1|5.3|0	3171|0|11|1.51|24|412635|21753|1.1|5.3|	|0|11.6|1.44|24.2|395619|21527|1.2|5.4|	151|0|11.7|1.38|24.3|382002|20414|1.1|5.7|0.3	138|0|12.1|1.37&b|24.5|378348|19647|1.1|5.5|0.3	123|0|13.1|1.31|24.8|368205|18586|1.2|5.1|0.3	159|0|14.4|1.25|25|353765|17496|1.2|5|0.3	174|5|15.8|1.22|25.2|351072|15912|1.3|5.1|0.3	199|4|17.1|1.23|25.5|356131|14519|1.5|5|0.3	225|9|18.5|1.24|25.7|364383|13625|1.8|5.4|0.3	339|24|18.9|1.27|25.9|374244|13981|1.9|5.9|0.3	328|12|19.5|1.31|26|387873|14645|1.7|6.5|0.3	506|42|19.9|1.39|26|414499|15679|1.7|6.8|0.4	|0|20.2|1.4|26.2|417589|15166|1.7|6.6|0.2	644|18|20.6|1.38|26.4|413300|13721|1.6|6|0.3	669|23|21.2|1.3&b|26.6&b|388416|12044|1.7&b|5.4&b|	752|23|22.3|1.3|26.6|386257|11746|1.7|5.3|
Portugal	Portugalsko	540604	|0|9.5|3.16||||0.1|7.8|	|0|8.8|3.21||||0.1|8.8|	|0|8.5|3.23||||0.1|7.9|	|0|8.2|3.12||||0.1|7.9|	|0|8|3.21||||0.1|8.1|	|0|7.8|3.15||||0.1|8.4|	|0|7.5|3.16||||0.1|8.6|	|0|7.5|3.16||||0.1|8.9|	|0|7.4|3.12||||0.1|8.7|	|0|7.3|3.12||||0.1|9|	|0|7.3|3.01||||0.1|9.4|	|0|7.2|3||||0.1|9.7|	|0|7.1|2.86||||0.1|9|	|0|7.2|2.77||||0.1|9.8|	|0|7.2|2.7||||0.1|9.3|	|0|7.2|2.75||179648||0.2|11.3|	|0|7.3|2.82||||0.5|10.9|	|0|7.2|2.69||||0.8|9.7|	|0|7.7|2.45||||0.7|8.5|	|0|8.2|2.31||||0.6|8.3|	|0|9.2|2.25||||0.6|7.4|	|0|9.5|2.13||||0.7|7.7|	|0|10|2.07||||0.7|7.4|	|0|10.7|1.95||||0.8|7.5|	|0|11.5|1.9||||0.7|7|	|0|12.3|1.72||||0.9|6.8|	|0|12.8|1.66||||0.8|6.9|	|0|13.2|1.62||||0.9|7.1|	|0|13.7|1.61||||0.9|7.1|	|0|14.5|1.57||||1|7.3|	|0|14.7|1.56|24.9|116321||0.9|7.2|	|0|15.6|1.56|25.1|116299|7768|1.1|7.2|	|0|16.1|1.54|25.2|114924|7443|1.2|7|	|0|16.9|1.52|25.4|113960|7395|1.2|6.8|	|0|17.8|1.45|25.6|109227|6851|1.4|6.6|6.3	|0|18.6|1.41|25.7|107097|6377|1.2|6.6|8.9	|0|18.6|1.44|25.9|110261|6129|1.3|6.3|10.3	|0|19.5|1.47|26|112933|6078|1.4|6.5|8.9	|0|20.1|1.47|26.1|113384|5959|1.5|6.6|8.1	|0|20.8|1.5|26.4|116002|5917|1.7|6.7|8.9	|0|22.2|1.55|26.5|120008|6067|1.9|6.2|8.7	|0|23.8|1.45|26.6|112774|5420|1.8|5.6|9.3	828|0|25.5|1.46|26.8|114383|5422|2.7|5.4|9.2	563|0|26.9|1.44|27.1|112515|4978|2.2|5.1|8.9	710|0|29.1|1.4|27.1|109298|4622|2.2|4.7|8.3	798|0|30.7|1.41|27.3|109399|4445|2.2|4.6|8.1	1215|0|31.6|1.37|27.5|105449|3961|2.3|4.5|6.6	4325|0|33.6|1.35|27.6|102492|3985|2.4|4.4|7.3	13541|0|36.2|1.39|27.7|104594|3623|2.5|4.1|6.6	17932|0|38.1|1.34|27.9|99491|3519|2.5|3.8|6.1	17261|0|41.3|1.39|28.1|101381|3273|2.6|3.8|5.9	17351|0|42.8|1.35|28.4|96856|2848|2.5|3.4|	|0|45.6|1.28|28.6|89841|2597|2.4|3.3|
Romania	Rumunsko	1057997	769776|0||||324859||2|10.7|	|0||||||1.8|9.7|	|0||||||2|9.9|	|0||||||1.9|9.3|	|0||||||1.9|9|	1112704|0||||278362||1.9|8.6|	|0||||||1.3|8.9|	|0|||||||7.9|	|0||||||0.2|7.4|	|0||||||0.3|7|	292409|0||||427034||0.4|7.2|	|0||||||0.5|7.3|	|0||||||0.5|7.6|	|0||||||0.7|8.2|	|0||||||0.9|8.3|	359417|0||2.59||418185||1.6|8.8|	|0||2.54||||1.7|9.1|	|0||2.57||||1.2|9.2|	|0||2.52||||1.5|9.2|	|0||2.49||||1.6|9|	413093|0||2.43||398904||1.5|8.2|	|0||2.36||||1.5|8.2|	|0||2.17||||1.5|7.7|	421486|0||2.06||321498||1.5|7.3|	303123|0||2.26||350741||1.5|7.2|	302838|0||2.31||358797||1.4|7.1|	183959|0||2.39||376896||1.5|7.3|	182442|0||2.38||383199||1.5|7.3|	185416|0||2.3||380043||1.6|7.5|	193084|0||2.22||369544||1.6|7.7|	992265|0||1.83||||1.4|8.3|	866934|0||1.59||275275||1.6|8|	691863|0||1.51||260393||1.3|7.7|	585761|0|17|1.43||249994||1.4|7.1|	530191|0|18.3|1.4||246736||1.7|6.8|	502840|39575|19.7|1.33|23|236640|32665|1.5|6.8|	456221|36676|20.7|1.3|23.1|231348|30562|1.6|6.6|	347126|26733|22.2|1.32|23.3|236891|30139|1.5|6.5|	271496|21444|23|1.32|23.4|237297|28178|1.8|6.5|	259888|20993|24.1|1.3|23.5|234600|26796|1.5|6.2|1.7	257865|20127|25.5|1.31|23.6|234521|25698|1.4|6.1|1.7	198086|16127|26.7|1.27|23.8|220368|23522|1.4|5.9|1.8	247608|19928|26.7|1.27|24|210529|21933|1.5|5.9|1.4	224807|20357|28.2|1.31|24.1|212459|23556|1.5|6.2|1.1	191038|20036|29.4|1.35|24.4|216261|24355|1.6|6.7|1	163359|19166|28.5|1.39|24.7|221020|24350|1.6|6.7|0.9	150246|17272|29|1.4|25|219483|23703|1.5|6.9|0.8	137226|0|26.7|1.42|25|214728|22452|1.7|9.1|0.7	127907|14316|27.4|1.53|25.1|221900|22863|1.7|7.3|0.6	116060|12570|28|1.57|25.2|222388|21527|1.6|6.6|0.6	101915|10340|27.7|1.54|25.5|212199|18869|1.6|5.7|0.6	103386|10055|30|1.46|25.6|196242|17632|1.8|5.2|	87975|8023|31|1.53|25.7|201104|17464|1.6|5.4|
Slovenia	Slovinsko	92337	|0|9.1|||27825||1|8.8|	|0|10|||||1|9.1|	|0|10.1|||||1|9.1|	|0|9.8|||||1|8.8|	|0|9.2|||||1|9|	|0|9.2|||30587||1.1|9.2|	|0|8.7|||||1.1|8.6|	|0|8.7|||||1.2|8.3|	|0|8.8|||||1.2|8.2|	|0|8.4|||||1.2|8.2|	|0|8.5|||27432||1.1|8.3|	|0|8.7|||||1.1|8.2|	|0|9.7|||||1.1|9|	|0|9.8|||||1.2|8.9|	|0|9.9|||||1.2|8.7|	|0|9.9|||29786||1.2|8.6|	|0|10.5|||||1.2|8.3|	|0|10.6|||||1.3|8.2|	|0|11|||||1.4|8.4|	16780|0|11.8|||||1.2|7.6|	18160|0|13.1|||29902||1.2|6.5|	19127|0|14.1|||||1.3|6.4|	19742|0|15.2|1.93||||1.3|6.1|	18623|0|16.9|1.81||||1.4|6.2|	18582|0|18.2|1.74||26274||1.3|5.9|	17960|0|19.1|1.71||25933||1.3|5.4|	17988|0|19.7|1.67||25570||1.2|5.4|	16819|0|21.8|1.65||25592||1.1|5.2|	16531|0|22.6|1.63||25209||1|4.6|	15881|0|23.2|1.52||23447||1.1|4.9|	14731|0|24.5|1.46||||0.9|4.3|	14027|0|26.4|1.42||21583||0.9|4.1|	13258|0|27.7|1.33||19982||1|4.6|	12154|0|28|1.33||19793||1|4.5|	11324|0|28.8|1.32||19463||1|4.2|0.1	10791|781|29.8|1.29|24.9|18980|671|0.8|4.1|0.6	10218|783|31.9|1.28|25.2|18788|556|1|3.8|0.3	9712|721|32.7|1.25|25.5|18165|462|1|3.8|0.1	9116|864|33.6|1.23|25.8|17856|393|1|3.8|0.5	8707|873|35.4|1.21|26.1|17533|372|1|3.9|0.3	8429|826|37.1|1.26|26.5|18180|360|1.1|3.6|0.2	7799|696|39.4|1.21|26.7|17477|295|1.1|3.5|0.4	7327|586|40.2|1.21|27.2|17501|263|1.2|3.5|0.1	6873|552|42.5|1.2|27.3|17321|272|1.2|3.4|0	6403|511|44.8|1.25|27.5|17961|234|1.2|3.3|0.1	5851|464|46.7|1.26|27.7|18157|268|1.3|2.9|0.1	5632|435|47.2|1.31|27.9|18932|203|1.2|3.2|	5176|418|50.8|1.38|28.1|19823|201|1.3|3.2|0.1	4946|420|52.8|1.53|28.2|21817|213|1.1|3.3|0.2	4653|346|53.6|1.53|28.2|21856|203|1.1|3.2|0.1	4328|338|55.7|1.57|28.4|22343|167|1.2|3.2|	|0|56.8|1.56|28.4|21947|171|1.1|3.2|	4106|279|57.6|1.58|28.5|21938|159|1.2|3.4|
Slovakia	Slovensko	286072	29389|0|4.7|3.04||88412||0.6|7.9|	32942|0|4.4|2.96||||0.6|7.5|	32343|0|4.6|2.83||||0.6|7.2|	28256|0|4.7|2.92||||0.5|7.2|	28323|0|5|2.89||||0.5|7|	29417|0|5.3|2.78||84257||0.6|7|	32491|0|5.3|2.66||||0.6|7|	34467|0|5.7|2.48||||0.6|7.6|	35043|0|5.9|2.39||||0.7|7.5|	36144|0|6.1|2.43||||0.7|7.7|	35565|0|6.2|2.41||80666||0.8|7.9|	36401|0|6|2.43||||1|8.4|	34809|0|5.7|2.49||||0.9|8.7|	34479|0|5.1|2.56||||0.9|9|	35226|0|5.3|2.61||||1.2|9|	35437|0|5.2|2.55||97649||1.3|9.2|	37233|0|5.1|2.55||||1.3|9.2|	37110|0|5.2|2.49||||1.2|9.2|	38405|0|5.2|2.47||||1.3|9|	39616|0|5.4|2.45||||1.2|8.6|	40691|0|5.7|2.32||95100||1.3|7.9|	41387|0|5.7|2.29||||1.4|7.8|	42532|0|5.9|2.28||||1.3|8|	43071|0|6|2.28||||1.4|7.9|	43594|0|6.2|2.26||90843||1.3|7.7|	45594|0|6.6|2.26||90155||1.5|7.5|	50124|0|6.8|2.2||87138||1.6|7.4|	58081|0|7.1|2.14||84006||1.6|7.4|	59352|0|6.8|2.13||83242||1.6|7.1|	56307|0|7.2|2.07||80116||1.6|6.9|	56176|0|7.6|2.09||||1.7|7.6|	53141|0|8.9|2.05||78569||1.5|6.2|	49530|0|9.8|1.93||74640||1.5|6.4|	45552|0|10.6|1.87||73256||1.5|5.8|	41264|0|11.7|1.67||66370||1.6|5.3|	35879|0|12.6|1.52||61427||1.7|5.1|	23863|2257|14|1.47||60123||1.7|5.1|0	|0|15.1|1.43||||1.7|5.2|0	|0|15.3|1.37||||1.7|5.1|0.1	18141|1718|16.9|1.33|23.8|56223|4291|1.8|5.1|	18468|1849|18.3|1.3|24.2|55151||1.7|4.8|0	18026|1727|19.8|1.2|24.3|51136|3621|1.8|4.4|0	16976|1621|21.6|1.19|24.7|50841|3561|2|4.7|0	16222|1499|23.3|1.2|25|51713|3370|2|4.8|	15307|1391|24.8|1.25|25.3|53747|3307|2|5.2|0	14427|1269|26|1.27|25.7|54430|3241|2.2|4.9|	14243|1193|27.5|1.25|25.9|53904|3228|2.4|4.8|0	13424|1150|28.8|1.27|26.2|54424|3211|2.3|5.1|0	13394|1189|30.1|1.34|26.4|57360|3299|2.4|5.3|0	13240|1120|31.6|1.44|26.7|61217|3212|2.4|4.9|0	12582|1029|33|1.43|27|60410|3261|2.2|4.7|0	11789|968|34|1.45|27.4|60813|2972|2.1|4.7|	11214|786|35.4|1.34|26.8|55535|2806|2|4.8|
Finland	Finsko	299052	|0|4|2.72||82129||0.8|7.4|	|0|4.1|2.72||||0.9|7.7|	|0|4|2.68||||0.9|7.6|	|0|4.2|2.68||||0.9|7.4|	|0|4.4|2.59||||1|7.6|	|0|4.6|2.48||77885||1|7.9|	|0|4.8|2.41||||1.1|8.4|	|0|5.1|2.32||||1.1|9|	|0|5.3|2.14||||1.2|8.7|	|0|5.6|1.93||||1.3|8.8|	|0|5.8|1.83||64559||1.3|8.8|	|0|5.5|1.68||||1.6|8.2|	|0|6.7|1.58||||1.8|7.6|	|0|7.9|1.49||||1.9|7.5|	|0|9|1.61||||2.1|7.4|	|0|10.1|1.68||65719||2|6.7|	|0|10.9|1.7||||2.1|6.8|	|0|11.1|1.68||||2.1|6.5|	|0|11.4|1.64||||2.2|6.3|	|0|12|1.64||||2.1|6.1|	15037|0|13.1|1.63||63026||2|6.1|	|0|13.3|1.64||||2|6.3|	13861|3305|13.6|1.71||||2|6.3|	13360|3101|14|1.74||||2|6.1|	13645|2996|15.1|1.69||64999||2|5.8|	13833|2843|16.4|1.64||62674||1.8|5.3|	13319|2525|18|1.6||60505||2|5.2|	12995|2452|19.2|1.59||59657||2|5.3|	12133|2991|20.6|1.69||62889||2.5|5.2|	12658|2170|22.9|1.71||63253||2.9|4.9|	12232|2010|25.2|1.78|26.5|||2.6|5|	11747|1760|27.4|1.79|26.6|65395|1297|2.6|4.9|	11071|0|28.9|1.85|26.6|66731|1264|2.6|4.7|	10342|1530|30.3|1.81|26.8|64826|1205|2.5|4.9|	10013|0|31.3|1.85|26.9|65231|1125|2.7|4.9|0.5	9884|1502|33.1|1.81|27.2|63067|1079|2.7|4.6|0.6	10437|1534|35.4|1.76|27.2|60723|1100|2.7|4.8|0.5	10238|1656|36.5|1.75|27.4|59329|989|2.6|4.6|0.1	10744|1814|37.2|1.7|27.4|57108|1005|2.7|4.7|0.1	10819|2280|38.7|1.73|27.4|57574|1084|2.7|4.7|0.2	10930|2407|39.2|1.73|27.4|56742|1173|2.7|5.1|0.2	10699|2479|39.5|1.73|27.5|56189|1206|2.6|4.8|0.1	10908|2576|39.9|1.72|27.6|55555|1275|2.6|5.2|0.1	10744|2403|40|1.76|27.8|56630|1133|2.6|5|0.1	11091|2444|40.8|1.8|27.8|57758|1159|2.5|5.6|0.2	10931|2323|40.4|1.8|27.9|57745|1123|2.6|5.6|0.2	10645|2228|40.5|1.84|28|58840|1040|2.5|5.4|0.2	10533|2158|40.6|1.83|28.1|58729|1020|2.5|5.6|0.2	10423|2070|40.7|1.85|28.2|59530|965|2.5|5.8|0.1	10427|2101|40.9|1.86|28.2|60430|957|2.5|5.6|0.1	10242|1978|41.1|1.87|28.3|60980|947|2.5|5.6|0.1	10491|2007|40.9|1.83|28.4|59961|828|2.5|5.3|	10061|1726|41.5|1.8|28.5|59493|801|2.4|5.3|
Sweden	Švédsko	514154	2792|0|11.3|||||1.2|6.7|	2474|336|11.7|||||1.2|7|	2772|375|12.4|||||1.2|7.1|	3100|470|12.6|||||1.1|7|	4073|697|13.1|||||1.2|7.6|	5346|994|13.8|||||1.2|7.8|	5375|1058|14.5|||||1.3|7.8|	6388|1404|15.1|||||1.4|7.2|	10940|2528|16|2.07||||1.4|6.6|	13735|3033|16.4|1.93||||1.5|6.1|	16100|3588|18.6|1.92||||1.6|5.4|	19250|4508|21.9|1.96||||1.7|4.9|	24170|5688|25.4|1.91||||1.9|4.8|	25990|6105|28.6|1.87||||2|4.7|	30636|7493|31.7|1.87||||3.3|5.5|	32526|7747|32.8|1.77||||3.1|5.4|	32351|7394|33.5|1.68||||2.6|5.4|	31462|6802|34.7|1.64||||2.5|4.9|	31918|6265|35.9|1.6||||2.5|4.6|	34709|6086|37.5|1.66||||2.5|4.5|	34887|6163|39.7|1.68||||2.4|4.5|	33294|6009|41.2|1.63||||2.4|4.5|	32602|5759|42|1.62||||2.5|4.5|	31014|5311|43.6|1.61||||2.5|4.3|	30755|5188|44.6|1.66||||2.4|4.4|	30838|5145|46.4|1.74||||2.4|4.6|	33124|5481|48.4|1.8||||2.3|4.6|	34707|5925|49.9|1.84||||2.2|4.9|	37585|6664|50.9|1.96||||2.1|5.2|	37920|6851|51.8|2.01||||2.2|12.8|	37489|6791|47|2.13|26.3|||2.3|4.7|	35788|6152|48.2|2.11||||2.3|4.3|	34849|5338|49.5|2.09||||2.5|4.3|	34169|4839|50.4|1.99||||2.5|3.9|	32293|4477|51.6|1.88||||2.5|3.9|1	31441|4195|53|1.73||||2.6|3.8|1	32117|4362|53.9|1.6||||2.4|3.8|0.8	31433|4374|54.1|1.52||||2.4|3.7|0.6	31008|4533|54.7|1.5|27.7|89028|1146|2.3|3.6|0.3	30712|4673|55.3|1.5|27.9|88173|1210|2.4|4|0.3	30980|5217|55.3|1.54|27.9|90441|1238|2.4|4.5|0.3	31772|5664|55.5|1.57|28.2|91466|1192|2.4|4|0.4	33365|6503|56|1.65|28.3|95815|1225|2.4|4.3|0.3	34473|6590|56|1.71|28.5|99157|1128|2.4|4.4|0.3	34454|6680|55.4|1.75|28.6|100928|1176|2.2|4.8|0.2	34978|6941|55.4|1.77|28.7|101346|1214|2.2|4.9|0.4	36045|7296|55.5|1.85|28.8|105913|1237|2.2|5|0.3	|0|54.8|1.88|28.8|107421|1273|2.3|5.2|0.3	38049|7557|54.7|1.91|28.8|109301|1307|2.3|5.5|0.2	37524|7007|54.4|1.94|28.9|111801|1301|2.4|5.1|0.3	37693|6390|54.2|1.98|28.9|115641|1262|2.5|5.3|0.1	|0|54.3|1.9|29|111770|1208|2.5|5|	|0|54.5|1.91|29.1|113177|1040|2.5|5.3|
United Kingdom	Velká Británie	3636563	|0|5.2|||839181|||7.5|	|0|5.7||||||7.5|	|0|6.3||||||7.5|	|0|6.6||||||7.5|	|0|6.9||||||7.6|	|0|7.3|||924148||0.7|7.8|	|0|7.6|||||0.7|8|	|0|8.1|||||0.8|8|	23600|0|8.2|||||0.8|8.4|	58400|0|8.1|||||0.9|8.1|	91819|0|8|||831237||1|8.5|	133100|0|8.2|||||1.3|8.2|	167500|0|8.4|||||2.1|8.6|	174600|0|8.4|2.04||||1.9|8.1|	170500|0|8.7|1.92|24.5|673001||2|7.8|	147029|0|9|1.81|24.7|634982||2.1|7.7|	136800|0|9|1.74|24.8|614405||2.3|7.2|	140300|0|9.5|1.69|25|594308||2.3|7.2|	148900|0|10|1.75|25.1|618488||2.6|7.4|	157500|0|10.6|1.86|25.2|656477||2.5|7.4|	168808|0|11.5|1.9|25.3|666905||2.6|7.4|	171500|0||1.82|25.5|639516||2.6|7.1|	171400|0|14.1|1.78|25.7|617791||2.6|6.9|	170600|0|15.4|1.77|25.9|610292||2.6|6.9|	179100|0|17|1.77|26.1|605710||2.6|7|	181062|0|18.9|1.79|26.2|608921||2.8|7|	181914|0|21|1.78|26.4|596510||2.7|7|	183736|0|22.9|1.81|26.7|598085||2.7|7|	193926|0|25.2|1.82|26.8|589516||2.7|6.9|	194183|0|26.6|1.79|27.1|570593||2.6|6.9|	197131|0|27.9|1.83|27.3|575768||2.7|6.6|	190590|0|29.8|1.82|27.5|556389||2.8|6.1|	182887|33198|30.8|1.79|27.8|540239||2.8|6.2|	179780|0|31.8|1.76|27.9|519851||2.9|5.9|	178268|0|32|1.74|28.2|510558||2.7|5.7|1	174781|32300|33.5|1.71|28.3|486331||2.9|5.6|0.9	189473|36788|35.5|1.73|28.8|472984|2292|3|5.5|0.9	191855|37772|36.8|1.72|28.7|459757||2.8|5.3|0.5	199887|41578|37.6|1.71|28.8|447221||2.7|5.2|0.3	185869|39296|38.8|1.68|28.9|428599|3881|2.7|5.1|0.3	186359|41311|39.5|1.64|29.1|411193|3337|2.6|5.2|0.3	189200|41736|40.1|1.63|29.2|401133|3299|2.7|4.8|0.3	187801|39644|40.6|1.63|29.3|397050|3229|2.7|4.9|0.4	193890|41317|41.5|1.7||||2.8|5.2|0.4	197530|43798|42.3|1.75|29.7|413367|2876|2.8||0.3	199081|42422|42.9|1.76|29.9|412319|2531|2.6||0.4	206904|44750|43.7|1.82|30|421771|2113|2.4||0.4	212277|47528|44.4|1.86|30.2|427774|2020|2.3|4.5|0.4	209199|46186|45.4|1.91|30.3|433581|1734|2.2|4.4|0.4	202211|43300|46.3|1.89|30.4|424413|1499|2||0.4	202506|41361|46.9|1.92|30.6|428722|1113|2.1||0.4	202402|37626|47.3|1.91|30.5|436549|1839|2.1||	197569|33877|47.6&p|1.92|30.8||||4.4|
Iceland	Island	21590	55|0|25.3|||4916||0.7|7.5|	|0|25.3|||||0.9|7.5|	|0|24.5|||||0.7|7.4|	|0|25.1|3.99||||1.1|7.8|	|0|26.7|3.88||||0.9|8.3|	68|0|26.9|3.73||4721||0.9|8.1|	|0|28.4|3.59||||1|7.9|	|0|30|3.28||||0.9|8.6|	|0|30.5|3.06||||1|8.4|	|0|29.6|2.99||||1.3|8.5|	99|0|29.9|2.81||4023||1.2|7.8|	|0|31.1|2.92||||1.5|7.9|	|0|32.3|3.09||||1.5|8.1|	|0|33.9|2.94||||1.6|8.3|	|0|33.7|2.66||||1.7|8.8|	274|0|33|2.65||4384||1.8|7.7|	|0|34.2|2.52||||1.7|7.5|	|0|36|2.31||||1.8|7.1|	|0|36.7|2.35||||1.8|7.1|	|0|36.6|2.49||||1.7|6.4|	523|116|39.7|2.48||4528||1.9|5.7|	|0|41.2|2.33||||2|5.9|	|0|44.6|2.27||||1.8|5.6|	689|0|45|2.24||4371||2.1|5.9|	745|0|47.1|2.08||4113||1.9|5.9|	705|0|48|1.93||3856||2.2|5.2|	685|0|50.8|1.92||3881||2|5.1|	695|156|50.1|2.06||4193||1.9|4.7|	673|143|52|2.26||4673||1.8|5.2|	670|129|52.9|2.19||4560||2.1|4.7|	714|163|55.2|2.3||||1.9|4.5|	658|134|56.4|2.18||4533||2.1|4.8|	743|146|57.3|2.21|24.6|4609|230|2|4.8|	827|0|58.3|2.22|24.8|4623|181|2|4.6|	775|0|59.6|2.14|24.9|4442|186|1.8|4.9|1.4	807|158|60.9|2.08|24.9|4280|180|1.8|4.6|1.1	858|215|60.7|2.12|25|4329|170|2|5|0.5	|0|65.2|2.04|25.1|4151|204|1.9|5.5|0.4	914|263|64|2.05|25.2|4178|217|1.8|5.6|	935|225|62.4|1.99|25.1|4100|204|1.7|5.6|0.3	987|265|65.2|2.08|25.5|4315|182|1.9|6.3|0.3	984|0|63|1.95|25.7|4091|161|1.9|5.2|0.8	926|0|62.3|1.93|26|4049|131|1.8|5.6|	951|193|63.6|1.99|26.1|4143|114|1.8|5.1|	889|208|63.7|2.04|26.2|4234|93|1.9|5|0.3	|0|65.7|2.05|26.3|4280|104|1.9|5.4|	865|163|65.6|2.08|26.4|4415|112|1.6|5.5|1	|0|63.8|2.09|26.6|4560|126|1.7|5.5|	957|175|64.1|2.15|26.5|4835|114|1.7|5.2|	971|140|64.4|2.23|26.7|5026|122|1.7|4.6|0.3	|0|64.3|2.2|26.9|4907|120|1.8|4.9|	969|176|65|2.02|27.1|4492|93|1.6|4.6|	|0|66.9|2.04|27.1|4533|93|||
Norway	Norsko	308708	|0|3.7|||||0.7|6.6|	|0|3.7|2.94||||0.7|6.7|	|0|3.8|2.91||||0.7|6.6|	|0|3.9|2.93||||0.7|6.6|	|0|4.2|2.98||||0.7|6.8|	3455|0|4.6|2.94||||0.7|6.5|	|0|4.9|2.9||||0.7|7.4|	|0|5.1|2.81||||0.8|7.7|	|0|5.6|2.75||||0.8|7.7|	|0|6.1|2.7||||0.8|7.7|	7941|0|6.9|2.5||||0.9|7.6|	|0|7.9|2.49||||1|7.6|	|0|8.7|2.38||64260||1|7.3|	|0|9.1|2.23||61208||1.2|7.1|	|0|9.3|2.13||59603||1.3|6.9|	15132|0|10.3|1.98||56345||1.4|6.5|	|0|10.9|1.86||53474||1.4|6.3|	|0|11.6|1.75||50877||1.5|5.9|	|0|11.9|1.77||51749||1.5|5.8|	|0|13|1.75||51580||1.6|5.7|	13531|0|14.5|1.72||51039||1.6|5.4|	|0|16.1|1.7||50708||1.7|5.4|	|0|17.6|1.71||51245||1.7|5.3|	|0|19.3|1.66||49937||1.9|5|	14070|0|21.3|1.66||50274||1.9|5|	14599|0|25.8|1.68||51134||2|4.9|	15474|0|27.9|1.71||52514||1.9|4.9|	15422|0|30.9|1.74||54027||2|5|	15852|0|33.7|1.84||57526||2.1|5.2|	16208|0|36.4|1.89||59303||2.2|4.9|	15551|0|38.6|1.93||||2.4|5.2|	15528|2850|40.9|1.92|25.8|60808|1774|2.4|4.7|	15164|2721|42.9|1.88|25.9|60109|1635|2.4|4.5|	14909|0|44.4|1.86|26|59678|1486|2.5|4.5|	14533|0|45.9|1.87|26.2|60092|1379|2.5|4.8|1.2	13672|0|47.6|1.87|26.4|60292|1264|2.4|5|1.3	14311|0|48.3|1.89|26.5|60927|1275|2.3|5.3|1.2	13985|0|48.7|1.86|26.7|59801|1181|2.3|5.4|0.5	14028|0|49|1.81|26.9|58295|1186|2.1|5.3|0.6	14251|2448|49.1|1.85|26.8|59298|1076|2|5.3|0.3	14635|2596|49.6|1.85|26.9|59234|1105|2.2|5|0.3	13867|2448|49.7|1.78|27|56696|1015|2.3|4.4|0.2	13557|2230|50.3|1.75|27.2|55434|951|2.3|4.5|0.3	13888|2202|50|1.8|27.4|56458|910|2.4|4.9|0.4	14071|2171|51.4|1.83|27.6|56951|795|2.4|4.1|0.5	13989|2211|51.8|1.84|27.7|56756|819|2.4|4.8|0.6	14132|2344|53|1.9|27.7|58545|921|2.3|4.7|0.3	|0|54.5|1.9|27.7|58459|998|2.2|5|0.2	|0|55|1.96|27.8|60497|1030|2.1|5.3|0.2	|0|55.1|1.98|27.9|61807|1035|2.1|5|0.4	|0|54.8|1.95|28|61442|907|2.1|4.8|0.2	|0|55|1.88|28.2|60220|765|2.1|4.6|	|0|54.9|1.85|28.4|60255|685|2|4.8|
Switzerland	Švýcarsko	413256	|0|3.8|2.44||90762||0.9|7.8|	|0|4|2.52||||0.9|7.8|	|0|4.2|2.58||||0.8|8|	|0|4.1|2.65||||0.8|7.7|	|0|4.2|2.66||||0.8|7.6|	|0|3.9|2.59||107477||0.8|7.7|	|0|3.8|2.5||||0.8|7.5|	|0|3.9|2.39||||0.9|7.6|	|0|3.8|2.29||||0.9|7.5|	|0|3.8|2.19||||1|7.6|	|0|3.8|2.1||95470||1|7.6|	|0|3.7|2.04||||1.1|7.2|	|0|3.7|1.91||||1.2|6.9|	|0|3.8|1.81||||1.3|6.5|	|0|3.7|1.73||||1.3|6.1|	|0|3.7|1.61||75537||1.4|5.6|	|0|3.8|1.55||||1.5|5.1|	|0|3.9|1.53||||1.7|5.3|	|0|4.1|1.51||||1.7|5.1|	|0|4.4|1.52||||1.7|5.4|	|0|4.7|1.55||70165||1.7|5.7|	|0|5.2|1.55||||1.8|5.6|	|0|5.5|1.56||70762||1.8|5.8|	|0|5.4|1.52||69673||1.8|5.9|	|0|5.7|1.53||70483||1.7|6|	|0|5.6|1.52||70483||1.8|6|	|0|5.7|1.53||71989||1.8|6.2|	|0|5.9|1.52||72026||1.8|6.6|	|0|6.1|1.57||75456||1.9|6.9|	|0|5.9|1.56||76376||1.9|6.8|	|0|6.1|1.58||||2|6.9|	|0|6.5|1.58||80581||2|7|	|0|6.2|1.58|27.8|81504|679|2.1|6.6|	|0|6.3|1.51|27.9|78507|636|2.2|6.2|	|0|6.4|1.49|28|77636|537|2.2|6.1|	|0|6.8|1.48|28.1|76646|488|2.2|5.8|7.7	|0|7.3|1.5|28.2|76907|503|2.3|5.7|5.6	|0|8.1|1.48|28.4|74083|480|2.4|5.5|3.4	|0|8.8|1.47|28.5|71504|420|2.5|5.4|2.3	|0|10|1.48|28.5|78393|832|2.9|5.7|1.9	|0|10.7|1.5|28.7|70069|411|1.5|5.5|1.7	|0|11.2|1.38|28.8|65157|359|2.2|5|1.6	|0|11.7|1.39|28.9|64219|348|2.2|5.5|1.3	|0|12.4|1.39|29.1|62924|336|2.3|5.5|1.2	|0|13.3|1.42|29.3|63377|343|2.4|5.3|1	|0|13.7|1.42|29.5|62890|264|2.9|5.4|1	|0|15.4|1.44|29.4|73371|680|2.8|5.3|1	10035|1110|16.2|1.46|29.6|74494|679|2.6|5.3|0.8	10310|1085|17.1|1.48|29.7|76691|659|2.6|5.4|0.6	10137|1106|17.9|1.5|29.8|78286|650|2.5|5.4|0.6	10650|1021|18.6|1.52|30|80290|582|2.8|5.5|0.5	10694|1025|19.3|1.52&b|30.2&b|80808|515|2.2&b|5.3&b|	10477|952|20.2|1.52|30.3|82164|524|2.2|5.3|
Former Yugoslav Republic of Macedonia, the	Makedonie	0	9366|0|5.1|||44059||0.7|8.6|	|0|5.3|||||0.6|8.4|	|0|5.2|||||0.6|8.4|	|0|5.6|||||0.5|8.2|	|0|5.7|||||0.4|9.1|	11070|0|5.7|||42433||0.5|9|	|0|5.7|||||0.4|8.5|	|0|5.9|||||0.3|8.5|	|0|6.3|||||0.3|8.6|	|0|6.2|||||0.3|9|	15074|0|6.2|||37862||0.3|9|	|0|6.4|||||0.3|8.9|	|0|6.4|||||0.3|8.9|	|0|6.3|||||0.6|8.9|	|0|6.2|||||0.6|8.7|	17645|0|6.6|||39579||0.7|8.9|	|0|6.5|||||0.6|8.4|	|0|6.9|||||0.5|8.6|	|0|6.4|||||0.4|8.6|	|0|6.1|||||0.4|8.7|	26726|0|6.1|||39784||0.5|8.5|	|0|6|||||0.5|8.5|	|0|6|||||0.5|8.6|	|0|6|||38861||0.4|8.3|	29739|0|6.1|||38722||0.4|8.1|	29865|0|6.6|||38234||0.4|8.1|	26986|0|6.3|||38572||0.5|8|	30746|0|6.6|||37879||0.4|8.1|	30885|0|6.9|||35927||0.4|7.8|	30442|0|7|||35401||0.5|8|	21994|0|7.1|||||0.4|8.3|	23166|0|7|||33238||0.3|8.1|	19855|0|7.3|||32374||0.3|7.7|	18754|0|8.1|||33487||0.3|7.5|	16480|0|8.5|2.23||32154||0.3|8.1|	15805|0|8.2|2.13||||0.4|8.1|	14164|0|8.2|2.07||||0.4|7.1|	|0|8.9|1.93|23.8|29478||0.5|7|	|0|9.5|1.9|24.1|29244|2107|0.5|7|	|0|9.8|1.76|24.1|27309|1962|0.5|7|0	|0|9.8|1.88|24.3|29308|1994|0.7|7|	|0|10.4|1.73|24.5|27010|1702|0.7|6.5|0.1	|0|10.7|1.8|24.7|27761|1609|0.6|7.1|	|0|11.2|1.77|24.8|27011|1587|0.7|7.1|	|0|12.3|1.52|25|23361|1441|0.8|6.9|	|0|12.4|1.46|25.2|22482|1353|0.8|7.1|	|0|12.5|1.46|25.4|22585|1294|0.7|7.3|0.1	|0|12.6|1.46|25.5|22688|1257|0.7|7.6|0	|0|12.2|1.47|25.7|22945|1211|0.6|7.2|0.1	|0|12.2|1.52||||0.6|7.3|	|0|12.2|1.56|26|24296|1176|0.8|6.9|	|0|11.6|1.46|26.2|22770|1035|0.9|7.2|	|0|11.6|1.51|26.2|23568|1038|0.9|6.8|
Serbia	Srbsko	0	|0||||||||	|0||||||||	|0||||||||	|0||||||||	|0||||||||	|0||||||||	|0||||||||	|0||||||||	|0||||||||	|0||||||||	|0||||||||	|0||||||||	|0||||||||	|0||||||||	|0||||||||	|0||||||||	|0||||||||	|0||||||||	|0||||||||	|0||||||||	|0||||||||	|0||||||||	|0||||||||	|0||||||||	|0||||||||	|0||||||||	|0||||||||	|0||||||||	|0||||||||	|0||||||||	|0||||||||	|0||||||||	|0||||||||	|0||||||||	|0||||||||	|0||||||||	|0||||||||	|0||||||||	|0||||||||	|0||||||||	|0|20.7|1.48|24.1|73764|8601||5.7|	|0|20.4|1.58|25.3|78435|5342||5.5|	|0|21|1.57|25.5|78101|4933||5.6|	|0|21.1|1.59|25.6|79025|4825||5.6|	|0|22.2|1.57|25.9|78186|4569||5.6|	|0|22.2|1.45|25.8|72180|4261|1|5.2|	|0|22.5|1.43|25.9|70997|3899|1.1|5.4|	24273|983|22.3|1.38|26.1|68102|3797|1.2|5.6|	22867|984|22.8|1.4|26.3|69083|3587|1.2|5.2|	|0|23.2|1.44|26.6|70299|3568|1.2|5|	|0|24|1.4|26.9|68304|3310|0.9|4.9|	|0|23.9|1.4&b|27.1&b|65598|2957|1.1&b|4.9|	|0|24.7|1.45|27.3|67257|2893|1|4.8|
Albania	Albánie	0	|0||||69686||0.5|7.8|	|0||||||0.8|11.3|	|0||||||0.7|7.5|	|0||||||0.6|7.5|	|0||||||0.6|7.2|	|0||||65692||0.6|7.5|	|0||||||0.6|6.8|	|0||||||0.7|8.6|	|0||||||0.9|7.8|	|0||||||0.8|7.4|	|0||||72794||0.8|6.8|	|0||||||0.8|7|	|0||||||0.8|7.2|	|0||||||0.8|8|	|0||||||0.8||	11422|0||||||0.8|7.8|	|0||||||0.8|7.6|	|0||||||0.8|7.9|	|0||||||0.7|8|	|0||||||0.7|8.2|	15912|0||||70680||0.8|8.1|	15693|0||||72180||0.8|8.5|	16289|0||||77232||0.8|9|	17756|0||||73762||0.8|9|	18908|0||||79177||0.8|9.1|	20489|0||||77535||0.8|8.5|	20838|0||||76435||0.8|8.5|	20815|0||||79696||0.8|8.9|	24053|0||||80241||0.8|9|	23352|0||||78862||0.8|8.6|	26112|0||||82125||0.8|8.9|	30408|0||||77361||0.7|7.7|	27745|0||||||0.7|8.3|	33441|0||||||0.7|8.1|	31292|0||||||0.7|8.6|	32588|0||||||0.7|8.3|	27734|0||||||0.6|8.4|	|0||||||0.4|7.2|	|0||||60139||0.6|8.3|	|0||||57948||0.7|8.5|	|0||||51247||0.7|8.4|	|0||||54283||0.8|8.4|	|0||||45515||1.1|8.5|	|0||||47012||1.2|8.8|	|0||1.79||43022||0.9|6.7|0.2	9403|0||1.61||39612||1.3|6.9|	|0||1.38||34229||1.3|6.8|	|0||||33163||1|7.1|	|0||||36251||1.1|6.7|	|0||||||||	|0||||||||	|0||||||||	|0||||||||
Armenia	Arménie	270052	|0||||||||	|0||||||||	|0||||||||	|0||||||||	|0||||||||	|0||||||||	|0||||||||	|0||||||||	|0||||||||	|0||||||||	|0||||||||	|0||||||||	|0||||||||	|0||||||||	|0||||||||	|0||||||||	|0||||||||	|0||||||||	|0||||||||	|0||||||||	|0||||||||	|0||||||||	|0||||||||	|0||||||||	|0||||||||	|0||||||||	|0||||||||	|0||||||||	|0||||||||	|0||||||||	|0||||||||	|0||||||||	|0||||||||	|0||||||||	|0||||||||	|0||||||||	|0||||||||	|0||||||||	|0||||||||	|0||||||||	|0||||||||	|0||||||||	|0||||||||	|0||||||||	|0||||||0.6|5.3|	|0||||||0.8|5.2|	11132|0|35.9|1.34|23.8|37639||0.9|5.2|	11501|0|35.5|1.41|23.9|40105||0.9|5.6|	12469|611|35.8|1.43|24|41185||0.9|5.7|	13797|767|35.3|1.53|24.1|44413||0.9|5.8|	|0||||||0.9|5.2|	|0|8.6|||||1|6|	|0||||||||
Azerbaijan	Ázerbajdžán	818753	|0||||||||	|0||||||||	|0||||||||	|0||||||||	|0||||||||	|0||||||||	|0||||||||	|0||||||||	|0||||||||	|0||||||||	|0||||||||	|0||||||||	|0||||||||	|0||||||||	|0||||||||	|0||||||||	|0||||||||	|0||||||||	|0||||||||	|0||||||||	|0||||||||	|0||||||||	|0||||||||	|0||||||||	|0||||||||	|0||||||||	|0||||||||	|0||||||||	|0||||||||	|0||||||||	|0||||||||	|0||||||||	|0||||||||	|0||||||||	|0||||||||	|0||||||||	|0||||||||	|0||||||||	|0||||||||	|0||||||||	|0||||||||	|0||||||||	|0||||||||	|0||||||||	|0||||||0.8|7.5|	|0||||||1.1|8.5|	20864|1014|14.8|1.97|24.8|148946||0.9|9.4|	22323|1100|5.6|1.97|24.7|151963||1|9.5|	|0|12.1|1.9|24.8|152086||0.9|9.1|	24554|0|12.7|1.82|24.7|152139||0.9|8.7|	26799|1165|15.3|1.92|24.5|165643||1|8.7|	|0|17.6|||||1.2|9.6|	31037|1147|15.5|2|24.2|174469|20337|1.2|8.5|
Germany (including former GDR)	Německo	0	|0|7.6|||907299||1|9.5|	|0|7.1|||||1|9.5|	|0|6.6|||||1|9.4|	|0|6.1|||||1|8.8|	|0|5.9|||||1.1|8.5|	|0|5.8|||995351||1.1|8.2|	|0|5.7|||||1.1|7.9|	|0|5.8|||||1.2|7.8|	|0|6.1|||||1.2|7.3|	|0|6.6|||||1.3|7.3|	|0|7.2|||766528||1.3|7.4|	|0|8|||||1.4|7.2|	|0|8.3|||||1.5|7|	|0|8.3|||||1.6|6.7|	|0|8.5|||||1.8|6.5|	|0|8.5|||563738||1.9|6.7|	|0|8.8|||||2|6.5|	|0|9|||||1.5|6.5|	|0|9.9|||||1|6|	|0|10.7|||||1.6|6.2|	|0|11.9|||573734||1.8|6.3|	|0|12.8|||||2|6.2|	|0|14.3|||||2.1|6.2|	|0|15.4|||||2.2|6.3|	|0|15.9|||||2.3|6.4|	|0|16.2|||531085||2.3|6.4|	|0|16.1|||||2.3|6.6|	|0|15.7|||579652||2.3|6.7|	|0|15.7|||609302||2.3|6.8|	|0|15.5|||611869||2.2|6.7|	|0|15.3|||766920||1.9|6.5|	|0|15.1|||704832|13176|1.7|5.7|	|0|14.9|||688666|12302|1.7|5.6|	|0|14.8|||680163|10726|1.9|5.5|	|0|15.4|||651143|9462|2|5.4|	|0|16.1|||642345|8634|2.1|5.3|	|0|17|||660313|8437|2.1|5.2|	|0|18|||666340|8101|2.3|5.2|	|0|20|||627917|7535|2.3|5.1|	|0|22.1|||600110|7071|2.3|5.2|	|0|23.4|1.38||587425|6572|2.4|5.1|	|0|25|1.35||550659|5776|2.4|4.7|	|0|26.1|1.34||531289|4905|2.5|4.6|	|0|27|1.34||516080|4409|2.6|4.6|	|0|27.9|1.36||||2.6|4.8|	|0|29.2|1.34||485673|3227|2.4|4.7|	|0|30|1.33||471205|2865|2.3|4.5|	|0|30.8|1.37||||2.3|4.5|	|0|32.1|1.38||||2.3|4.6|	|0|32.7|1.36|28.7|665126|15063|2.3|4.6|	|0|33.3|1.39|28.9|677947|14042|2.3|4.7|	|0|33.9|1.36|29|662685|12760|2.3|4.6|	|0|34.5&p|1.38|29.1|673544|12180|2.2|4.8|
Ireland	Irsko	284102	|0|1.6|3.78||60735|||5.5|	|0|1.6|3.78|||||5.4|	|0|1.8|3.92|||||5.5|	|0|1.8|4.01|||||5.5|	|0|2|4.07|||||5.6|	|0|2.2|4.04||63525|||5.9|	|0|2.3|3.94|||||5.8|	|0|2.5|3.84|||||6.1|	|0|2.6|3.77|||||6.5|	|0|2.6|3.83|||||6.9|	|0|2.7|3.85||64382|||7|	|0|2.7|3.93|||||7.4|	|0|2.9|3.84|||||7.3|	|0|3.2|3.71|||||7.4|	|0|3.4|3.59|||||7.3|	|0|3.7|3.37||67178|||6.7|	|0|3.8|3.29|||||6.4|	|0|4.2|3.24|||||6.1|	|0|4.3|3.21|||||6.4|	|0|4.6|3.21|||||6.2|	|0|5.9|3.21||74064|||6.4|	|0|6.2|3.05|||||6|	|0|7.2|2.94|||||5.8|	|0|7.9|2.74|||||5.5|	|0|8|2.58|||||5.2|	|0|8.5|2.48||62388|||5.3|	|0|9.6|2.44|||||5.2|	|0|10.9|2.32||58433|||5.2|	|0|11.9|2.17||54600|||5.2|	|0|12.8|2.08||52018|||5.2|	|0|14.6|2.11||53044|||5.1|	|0|16.9|2.08|26.6|52718|||4.9|	|0|18|1.99|26.7|51089|||4.7|	|0|19.9|1.9|27|49304|2013||4.7|	|0|20.8|1.85|27.1|48255|1879||4.6|0.8	|0|22.3|1.84|27.3|48787|1993||4.3|1.4	|0|25.3|1.88|27.3|50655|2204||4.4|0.9	|0|26.8|1.93|27.5|52775|2353|0|4.3|0.4	|0|28.7|1.94|27.5|53969|2548|0.4|4.5|0.3	|0|31.1|1.9|27.5|53924|2609|0.6|4.9|0.5	|0|31.5|1.89|27.6|54789|2427|0.7|5|0.1	|0|31.3|1.94||57882||0.7|5|0.2	|0|31.2|1.97||60521||0.7|5.2|0.3	|0|31.2|1.96||||0.7|5.1|0.4	|0|31.9|1.93||61684||0.8|5.2|0.3	|0|31.8|1.86||61042||0.8|5.1|0.2	|0|32.7|1.91||64237||0.9|5.2|0.2	|0|33.1|2.01|28.8|70620||0.8|5.2|0.3	|0|33.4|2.06|28.8|75173|1849|0.8|5|0.3	|0|33.4|2.06|28.8|75554|1721|0.7|4.9|0.3	|0|33.8|2.05|29|73724|2019|0.7|4.6|0.3	|0|33.9&p|2.03|29.3|74033|1270|0.6|4.3|	|0|35.1&p|2.01|29.3|72225||0.6||
France (metropolitan)	France	0	|0|6.1|2.73||766866||0.7|7|	|0|5.9|2.81||||0.7|6.8|	|0|5.9|2.78||||0.7|6.7|	|0|5.9|2.88||||0.6|7.1|	|0|5.9|2.9||||0.7|7.2|	|0|5.9|2.84||811445||0.7|7.1|	|0|6|2.79||||0.7|6.9|	|0|6.2|2.66||||0.8|7|	|0|6.4|2.58||||0.7|7.1|	|0|6.5|2.53||||0.7|7.6|	|0|6.8|2.47||789917||0.8|7.8|	|0|7|2.49||||0.9|7.9|	|0|7.5|2.41||||1|8.1|	|0|8.2|2.3||||1|7.7|	|0|8.4|2.11||||1.1|7.5|	|0|8.5|1.93||681636||1.2|7.4|	|0|8.5|1.83||||1.1|7.1|	|0|8.8|1.86||||1.4|6.9|	|0|9.4|1.82||||1.5|6.6|	|0|10.3|1.86||||1.5|6.4|	|0|11.4|1.95||709261||1.5|6.2|	|0|12.7|1.95||||1.6|5.8|	|0|14.2|1.91||||1.7|5.7|	|0|15.8|1.78||||1.8|5.5|	|0|17.8|1.8||||1.9|5.1|	|0|19.6|1.81||617939||1.9|4.9|	|0|21.9|1.83||||2|4.8|	|0|24.1|1.8||582902||1.9|4.8|	|0|26.3|1.81||568202||1.9|4.8|	|0|28.2|1.79||549410||1.9|5|	|0|30.1|1.78||533300||1.9|5.1|	|0|31.8|1.77||517428|4499|1.9|4.9|	|0|33.2|1.73||496791|3736|1.9|4.7|	|0|34.9|1.66||463279|3141|1.9|4.4|	|0|36.1|1.66||454340|2402|2|4.4|8.2	|0|37.6|1.71||455399|2103|2.1|4.4|8	|0|38.9|1.73||448824|1892|2|4.8|5.9	|0|40|1.73||||2|4.9|2.2	|0|40.7|1.76|27.7|738080|13584|2|4.6|1.7	|0|41.7|1.79|27.9|744791|14697|2|4.9|1.7	|0|42.6|1.87|27.9|774782|15706|1.9|5|1.7	|0|43.7|1.88|28|770945|16090|1.9|4.8|1.7	|0|44.3|1.86|28.2|761630|15261|1.9|4.7|1.7	|0|45.2|1.87|28.4|761464|14913|2.1|4.6|1.6	|0|46.4|1.9|28.5|767816|15220|2.2|4.5|1.6	|0|47.4|1.92|28.6|774355|14993|2.5|4.5|1.4	|0|49.5|1.98|28.7|796896|14626|2.2|4.3|1.4	|0|50.7|1.96||||2.1|4.3|1.2	|0|51.6|1.99||||2.1|4.2|1.1	|0|52.9|1.99|||||3.9|0.8	|0|54.1|2.02||||2.1|3.9|0.7	|0|55|2||||2.1|3.7|	|0||2|||||3.7|
Cyprus	Kypr	51228	|0||||15059||||	|0|0.3|||||||	|0|0.2|||||||	|0|0.1|||||||	|0|0|||||0.2|4.4|	|0|0.1|||13707||0.2|7.6|	|0|0.1|||||0.2|7.3|	|0|0.2|||||0.2|8.7|	|0|0.3|||||0.2|6.1|	|0|0.3|||||0.2|8.6|	|0|0.2|||11801||0.2|8.6|	|0|0.4|||||0.3|9.6|	|0|0.4|||||0.2|6.6|	|0|0.4|||||0.2|8.8|	|0|0.5|||||0.2|5.4|	|0|0.7|||8040||0.2|11.2|	|0|0.3|||||0.2|7.1|	|0|0.1|||||0.3|10.1|	|0|0.3|||||0.3|10|	|0|0.4|||||0.3|12.6|	|0|0.6|||10383||0.3|7.7|	|0|0.5|||||0.3|11.5|	|0|0.2|2.48||||0.4|10.8|	|0|0.3|2.5||||0.5|11.7|	|0|0.4|2.52||11005||0.5|7.7|	|0|0.4|2.43||10568||0.5|10.5|	|0|0.5|2.46||10691||0.5|9.4|	|0|0.6|2.38||10337||0.6|10.8|	|0|0.7|2.49||10752||0.6|7|	|0|0.7|2.36||10273||0.6|9.9|	|0|0.7|2.41||10622||0.6|9.7|	|0|0.8|2.32||10443||0.5|10.5|	|0|1.1|2.48||11372||0.7|8|	|0|0.8|2.24||10514||0.8|9.7|	|0|1|2.17||10379||0.9|9.7|	|0|1.4|2.03||9868||1.2|10.2|	|0|1.5|1.95||||1.1|8.7|	|0|1.6|1.86||||1.3|10.7|	|0|2.1|1.76|25.7|8879||1.3|11.4|	|0|2.2|1.67|25.8|8505||1.7|13.2|	|0|2.3|1.64|26.2|8447||1.7|13.4|	|0|2.5|1.57|26.4|8167||1.7|15.1|	|0|3.5|1.49|26.7|7883|122|1.9|14.5|	|0|3.5|1.51|26.9|8088|106|2|7.7&b|	|0|3.3|1.52|27.2|8309|158|2.2|7.3|0.2	|0|4.4|1.48|27.5|8243|131|2|8|0.4	|0|5.6|1.52|27.8|8731|126|2.3|7|0.4	|0|8.7|1.44|28.2|8575|114|2.1|8.3|0.6	|0|8.9|1.48|28.3|9205|135|2.1|7.8|	|0|11.7|1.47|28.4|9608|130|2.2|7.8|	|0|15.2|1.44|28.5|9801|147|2.3|7.3|0.2	|0|16.9|1.35|28.5|9622|130|2.3|7.3|	|0|18.6|1.39|28.8|10161|147|2.4|6.7|
Luxembourg	Lucembursko	30770	|0|3.2|2.29||4860||0.5|7.1|	|0|3.4|||||0.4|7|	|0|3.1|||||0.4|6.7|	|0|3.1|||||0.4|6.6|	|0|3.2|||||0.4|6.6|	|0|3.7|||5101||0.4|6.6|	|0|3.2|||||0.6|6.6|	|0|3.5|2.24||||0.6|6.4|	|0|3.2|2.12||||0.6|6.5|	|0|3|2.02||||0.6|6.6|	|0|4|1.97||4234||0.6|6.4|	|0|3.9|1.95||||0.7|6.5|	|0|4.2|1.75||||0.8|6.6|	|0|4.1|1.58||||0.8|5.9|	|0|4.4|1.58||||0.8|6.2|	|0|4.2|1.55||3814||0.6|6.8|	|0|4.6|1.48||||1|6.2|	|0|4.6|1.5||||1.1|6.2|	|0|4.2|1.48||||1.5|5.9|	|0|5.6|1.48||||1.2|5.7|	|0|6|1.5||3920||1.6|5.9|	|0|7.1|1.55||||1.4|5.4|	|0|6.2|1.49||||1.7|5.7|	|0|8.1|1.43||||1.6|5.4|	|0|8.2|1.42||||1.7|5.4|	|0|8.7|1.38||3748||1.8|5.4|	|0|10.2|1.43||||1.8|5.1|	|0|11|1.4||3771||2|5.3|	|0|12.1|1.51||4047||2.1|5.6|	|0|11.6|1.52||4113||2.3|5.8|	|0|12.8|1.6||||2|6.1|	|0|12.2|1.6||4379||2|6.7|	|0|12.7|1.64||4494||1.8|6.4|	|0|12.9|1.7||4661||1.9|6|	|0|12.7|1.72||4756||1.7|5.8|3.3	|0|13.1|1.7|27.4|4710|42|1.8|5.1|1.5	|0|15|1.77|27.7|4838|40|2|5.1|0.7	|0|16.8|1.71|27.8|4577|35|2.4|4.8|	|0|17.5|1.68|27.9|4445|38|2.4|4.8|1.1	|0|18.6|1.74|28.3|4541|27|2.4|4.9|0.9	|0|21.9|1.76|28.3|4470|42|2.4|4.9|0.4	|0|22.3|1.66|28.4|4241|39|2.3|4.5|0.2	|0|23.2|1.63|28.8|4106|29|2.4|4.5|0.8	|0|25|1.62|28.7|3978|23|2.3|4.4|0.7	|0|26.1|1.66|28.7|4030|26|2.3|4.4|0.6	|0|27.2|1.63|29.1|3908|25|2.2|4.4|0.2	|0|28.8|1.65|28.5|5514|113|2.5|4.1|1.1	|0|29.2|1.61|28.9|5477|101|2.3|4.1|0.8	|0|30.2|1.61|29.2|5596|87|2|3.9|0.9	|0|32.1|1.59|29.3|5638|76|2.1|3.5|0.2	|0|34|1.63|29.5|5874|70|2.1|3.5|0.2	|0|34.1|1.52|29.4|5639|86||3.3|	|0|37.1|1.57&b|29.6|6026|80||3.4&b|
Malta	Malta	22719	|0|0.7||||||6|	|0|0.7||||||6|	|0|0.9||||||5.8|	|0|1||||||6.3|	|0|1.2||||||6.4|	|0|1||||||6.2|	|0|1.1||||||6.2|	|0|1.3||||||6.5|	|0|1.6||||||7|	|0|1.4||||||7.2|	|0|1.5||||||7.9|	|0|1.1||||||8.9|	|0|1.3||||||9.7|	|0|1.2||||||11|	|0|1.1||||||11.6|	|0|1.2||||||9.2|	|0|1.1||||||9.6|	|0|1|2.14|||||9.9|	|0|1|2.05|||||9.2|	|0|0.9|2.1|||||8.6|	|0|1.1|1.99|||||8.8|	|0|0.9|1.87|||||9|	|0|0.9||||||8.6|	|0|0.7||||||8.4|	|0|0.7|1.95|||||8|	|0|1.2|1.95|||||7.6|	|0|1.5|1.93|||||7.7|	|0|1.2|1.97|||||7.1|	|0|1.7|2.06|||||7.3|	|0|1.7|2.1|||||7.1|	|0|1.8|2.04|||||7.1|	|0|2|2.04|||||7.1|	|0|2.3|2.11|||||6.6|	|0|2.2|2|||||6.8|	|0|2.9|1.88|||||6.7|	|0|4.6|1.81|||||6.3|0.2	|0|2.7|2.03|||||6.4|2	|0|5.8|1.98|||||6.4|0.5	|0|7.6|1.88|||||6.5|0.8	|0|9.6|1.77|||||6.4|0.2	|0|10.6|1.7|||||6.7|0.5	|0|13.2|1.48|||||5.6|	|0|14.3|1.45|||||5.7|0.4	|0|16.3|1.48|||||5.9|0.2	|0|19.1|1.4|||||6|0.5	|0|20|1.38||3858|||5.9|0.2	|0|22.4|1.36|||||6.3|1.2	|0|24.9|1.35|26.9|3765|190||6.1|0.2	|0|25.4|1.43|27.2|4013|213||6.1|	|0|27.4|1.42|27.1|4029|229||5.7|	|0|25.3|1.36|27.4|3898|203||6.3|0.3	|0|23|1.45|28|4165|179|0.1|6.2|	|0|25.7|1.43|28.1|4130|173|1.1|6.7|
Liechtenstein	Liechtenstein	2080	|0|3.7||||||5.7|	|0|3.9||||||7.2|	|0|4.2||||||6.7|	|0|4.3||||||5.7|	|0|4.4||||||7.6|	|0|4.6||||||6.9|	|0|3.2||||||6|	|0|4.9||||||7|	|0|4.2||||||7.4|	|0|5.5||||||7.5|	|0|4.5||||||5.9|	|0|5.7||||||7.3|	|0|6.4||||||6.8|	|0|5||||||5.5|	|0|6.7||||||5.7|	|0|3.6||||||6.8|	|0|4||||||6.9|	|0|6.1||||||6|	|0|3.5||||||6|	|0|4.9||||||6.1|	|0|5.3||||||7.1|	|0|9.2||||||6.5|	|0|4.2||||||6.4|	|0|5.2||||||7|	|0|6.4||||||7.3|	|0|5.4||||||6.5|	|0|6.6||||||5.4|	|0|5.2||||||6|	|0|5.5||||||6.4|	|0|7.5||||||5.7|	|0|6.9||||||5.6|	|0|7.7||||||6.3|	|0|14.7||||||14.2|	|0|7.7||||||7.5|	|0|8.4||||||13|	|0|10.1||||||13.2|	|0|10.4||||||14.1|	|0|14||||||12.6|	|0||||||||	|0|||||||7|	|0|15.7|1.57||||3.9|7.2|	|0|15|1.52||||2.5|6|	|0|13.2|1.47||||2.9|5.1|	|0|15.6|1.36||||2.5|4.4|	|0|17.2|1.44||||2.9|4.8|	|0|18.9|1.49||||2.7|5.4|	|0|16.3|1.43||||2.3|4.3|	|0|17.1|1.42||||2.8|5.2|	|0|14|1.43||||2.8|5.8|	|0|18.5|1.71||||2.7|4.3|	|0|21.3|1.4||||2.4|5|2.2	|0|23.5|1.69||||2.5|4.5|	|0|19.9|1.51||||2.4|5|
Montenegro	Černá Hora	41280	|0||||||||	|0||||||||	|0||||||||	|0||||||||	|0||||||||	|0||||||||	|0||||||||	|0||||||||	|0||||||||	|0||||||||	|0||||||||	|0||||||||	|0||||||||	|0||||||||	|0||||||||	|0||||||||	|0||||||||	|0||||||||	|0||||||||	|0||||||||	|0||||||||	|0||||||||	|0||||||||	|0||||||||	|0||||||||	|0||||||||	|0||||||||	|0||||||||	|0||||||||	|0||||||||	|0||||||||	|0||||||||	|0||||||||	|0||||||||	|0||||||||	|0||||||||	|0||||||||	|0||||||||	|0||||||||	|0||||||||	|0||||||||	|0||||||||	|0||||||||	|0||||||||	|0||||||||	|0|16.8|1.6|26.2|7352|281|0.8|5.3|	|0|16.3|1.63|26.4|7531|278|0.8|5.5|	|0|15.6|1.69|26.5|7834|285|0.7|6.4|	|0|17.4|1.77|26.5|8258|334|0.7|5.5|	|0|15.7|1.85|26.4|8642|404|0.7|6.1|	|0||1.69&b||||0.8|5.9&b|	|0||1.65||||0.8||	|0||1.71||||0.8|5.3|
Turkey	Turecko	6202718	|0||||||||	|0||||||||	|0||||||||	|0||||||||	|0||||||||	|0||||||||	|0||||||||	|0||||||||	|0||||||||	|0||||||||	|0||||||||	|0||||||||	|0||||||||	|0||||||||	|0||||||||	|0||||||||	|0||||||||	|0||||||||	|0||||||||	|0||||||||	|0|||||||8.2|	|0||||||||	|0||||||||	|0||||||||	|0||||||||	|0||||||||	|0||||||||	|0||||||||	|0||||||||	|0||||||||	|0||||||||	|0||||||||	|0||||||||	|0||||||||	|0||||||||	|0||||||||	|0||||||||	|0||||||||	|0||||||||	|0||||||||	|0||||||||	|0||||||||	|0||||||||	|0||||||0.7|6.8|	|0||||||1.3|8.7|	|0||||||1.3|9|	|0||||||1.3|8.7|	|0||||||1.3|9.1|	|0||2.1||||1.4|9|	|0||2.09||||1.6|8.2|	|0|2.6|2.04||||1.6|8|	|0|2.7|2.03||||1.6|8|	|0|2.6|2.09||||1.6|8|
Andorra	Andorra	3619	|0||||||||	|0||||||||	|0||||||||	|0||||||||	|0||||||||	|0||||||||	|0||||||||	|0||||||||	|0||||||||	|0||||||||	|0||||||||	|0||||||||	|0||||||||	|0||||||||	|0||||||||	|0||||||||	|0||||||||	|0||||||||	|0||||||||	|0||||||||	|0||||||||	|0||||||||	|0||||||||	|0||||||||	|0||||||||	|0||||||||	|0||||||||	|0||||||||	|0||||||||	|0||||||||	|0||||||||	|0||||||||	|0||||||||	|0||||||||	|0||||||||	|0||||||||	|0||||||||	|0||||||||	|0||||||||	|0||||||||	|0||||||||	|0||||||||	|0||||||||	|0||||||||	|0|||||||2.9|	|0|||||||2.9|	|0||1.24|||||3.7|	|0||1.18|||||3.1|	|0||1.25|||||3.1|	|0||1.19|||||3.1|	|0||1.22||||||	|0||||||||	|0|||||||3.7|
Belarus	Bělorusko	0	|0||||||||	|0||||||||	|0||||||||	|0||||||||	|0||||||||	|0||||||||	|0||||||||	|0||||||||	|0||||||||	|0||||||||	|0||||||||	|0||||||||	|0||||||||	|0||||||||	|0||||||||	|0||||||||	|0||||||||	|0||||||||	|0||||||||	|0||||||||	|0||||||||	|0||||||||	|0||||||||	|0||||||||	|0||||||||	|0||||||||	|0||||||||	|0||||||||	|0||||||||	|0||||||||	|0||||||||	|0||||||||	|0||||||||	|0||||||||	|0||||||||	|0||||||||	|0||||||||	|0||||||||	|0||||||||	|0||||||||	|0||||||||	|0||||||||	|0||||||||	|0||||||||	|0||||||3|6.1|	|0||||||3.1|7.5|	|0|22.7|1.29|24.2|96721||3.3|8.1|	|0|21.2|1.37||||3.7|9.3|	|0|20.1|1.42|24.5|107876||3.8|8|	|0|19.9|||109263||3.7|8.2|	|0|19.6|||||3.9|8.1|	|0|19|1.51|24.9|109147||4.1|9.2|	|0|18.2|1.62|25|115893|5727|4.1|8.1|
Bosnia and Herzegovina	Bosna a Hercegovina	0	|0|||||||10.1|	|0|||||||9.7|	|0|||||||9.1|	|0|||||||8.6|	|0|||||||8.9|	|0|||||||9.3|	|0|||||||8.7|	|0|||||||8.3|	|0|||||||8.2|	|0|||||||8.6|	|0|||||||9.3|	|0|||||||9.4|	|0|||||||9.1|	|0|||||||8.8|	|0|||||||8.9|	|0|||||||9|	|0|||||||8.4|	|0|||||||8.6|	|0|||||||8.5|	|0|||||||8.5|	|0|||||||8.5|	|0|||||||8.9|	|0|||||||8.7|	|0|||||||8.8|	|0|||||||8.4|	|0|||||||8.1|	|0|||||||7.9|	|0|||||||7.8|	|0|||||||7.8|	|0|||||||7.7|	|0|||||||6.7|	|0|||||||6.3|	|0||||||||	|0||||||||	|0||||||||	|0||||||||	|0||||||||	|0|||||||6.4|	|0|||||||6.2|	|0|||||||6|	|0|||||||5.6|	|0||||||||	|0|||||||5.3|	|0||||35234|1576||5.4|	|0|11.3|||34167|1748|0.4|5.6|	|0|11.2|||34627|1678|0.5|5.6|	|0|11.6|||34033|1702|0.4|5.6|	|0|11.3|||33835|1646|0.5|6.1|	|0|10.8|||34176|1563|0.4|5.8|	|0|10.5|||34550|1451|0.4|5.4|	|0|10.8|||33528|1290|0.4|5.1|	|0||||||||	|0||||||0.4|4.9|
Kosovo (under United Nations Security Council Resolution 1244/99)	Kosovo	0	|0||||||||	|0||||||||	|0||||||||	|0||||||||	|0||||||||	|0||||||||	|0||||||||	|0||||||||	|0||||||||	|0||||||||	|0||||||||	|0||||||||	|0||||||||	|0||||||||	|0||||||||	|0||||||||	|0||||||||	|0||||||||	|0||||||||	|0||||||||	|0||||||||	|0||||||||	|0||||||||	|0||||||||	|0||||||||	|0||||||||	|0||||||||	|0||||||||	|0||||||||	|0||||||||	|0||||||||	|0||||||||	|0||||||||	|0||||||||	|0||||||||	|0||||||||	|0||||||||	|0||||||||	|0||||||||	|0||||||||	|0||||||||	|0||||||||	|0|6.8|||36136||||	|0|9.3|||31994|||8.5|	|0||||||0.6|8.4|	|0|40.9|||37218||0.7|7.6|	|0||||34187||0.7|7.5|	|0|41.5|||33112||0.7|7.9|	|0|40.3|||34399|1214|0.5|8.3|	|0|35|||||0.7|8.9|	|0|40.3|||||||	|0|46.7|||27626|832|0.8|9.3|	|0|46.1|||||0.7|9.5|
Moldova	Moldova	0	|0||||||||	|0||||||||	|0||||||||	|0||||||||	|0||||||||	|0||||||||	|0||||||||	|0||||||||	|0||||||||	|0||||||||	|0||||||||	|0||||||||	|0||||||||	|0||||||||	|0||||||||	|0||||||||	|0||||||||	|0||||||||	|0||||||||	|0||||||||	|0||||||||	|0||||||||	|0||||||||	|0||||||||	|0||||||||	|0||||||||	|0||||||||	|0||||||||	|0||||||||	|0||||||||	|0||||||||	|0||||||||	|0||||||||	|0||||||||	|0||||||||	|0||||||||	|0||||||||	|0||||||||	|0||||||||	|0||||||||	|0||||||||	|0||||||||	|0||||||||	|0||||||||	|0|||||||7|	|0||||||4|7.6|	|0|23.3|1.22|23.4|37587||3.5|7.6|	|0|22.7|1.25|23.7|37973||3.9|8.2|	|0|22.3|1.27|23.9|39018||3.5|7.5|	|0|22.9|1.31|24|40803||3.3|7.5|	|0|22.4|1.3|24.2|40474||3.2|7.4|	|0|21.6|1.27||||3.1|7.3|	|0|22.4|1.28|24.2|39435|3172|3|6.8|
Russia	Rusko	0	|0||||||||	|0||||||||	|0||||||||	|0||||||||	|0||||||||	|0||||||||	|0||||||||	|0||||||||	|0||||||||	|0||||||||	|0||||||||	|0||||||||	|0||||||||	|0||||||||	|0||||||||	|0||||||||	|0||||||||	|0||||||||	|0||||||||	|0||||||||	|0||||||||	|0||||||||	|0||||||||	|0||||||||	|0||||||||	|0||||||||	|0||||||||	|0||||||||	|0||||||||	|0||||||||	|0||||||||	|0||||||||	|0||||||||	|0||||||||	|0||||||||	|0||||||||	|0||||||||	|0||||||||	|0||||||||	|0||||||||	|0||||||||	|0||||||||	|0||||||||	|0||||||||	|0||||||4.4|6.8|	|0||||||4.2|7.5|	|0|29.2|1.3||||4.5|7.8|	|0|28|1.41||||4.8|8.9|	|0|26.9|1.49||||5|8.3|	|0|26.1|1.54||||4.9|8.5|	|0|24.9|||||4.5|8.5|	|0|24.6|||||4.7|9.2|	|0||||||||
San Marino	San Marino	0	|0||||||||	|0||||||||	|0||||||||	|0||||||||	|0||||||||	|0||||||||	|0||||||||	|0||||||||	|0||||||||	|0||||||||	|0||||||||	|0||||||||	|0||||||||	|0||||||||	|0||||||||	|0||||||||	|0||||||||	|0||||||||	|0||||||||	|0||||||||	|0||||||||	|0||||||||	|0||||||||	|0||||||||	|0||||||||	|0||||||||	|0||||||||	|0||||||||	|0||||||||	|0||||||||	|0||||||||	|0||||||||	|0||||||||	|0||||||||	|0||||||||	|0||||||||	|0||||||||	|0||||||||	|0||||||||	|0||||||||	|0||||||||	|0||||||||	|0||||||||	|0||||||||	|0||||||2.1|7|	|0||||||2|7.5|	|0|17.9|||||2.8||	|0|16.4|||||2.1|6.9|	|0||||||2.2|6.4|	|0||||||||	|0||||||||	|0|28.3|||||2.6|6.4|	|0|26.7|1.26|31.2|292||||
Ukraine	Ukrajina	0	|0||||||||	|0||||||||	|0||||||||	|0||||||||	|0||||||||	|0||||||||	|0||||||||	|0||||||||	|0||||||||	|0||||||||	|0||||||||	|0||||||||	|0||||||||	|0||||||||	|0||||||||	|0||||||||	|0||||||||	|0||||||||	|0||||||||	|0||||||||	|0||||||||	|0||||||||	|0||||||||	|0||||||||	|0||||||||	|0||||||||	|0||||||||	|0||||||||	|0||||||||	|0||||||||	|0||||||||	|0||||||||	|0||||||||	|0||||||||	|0||||||||	|0||||||||	|0||||||||	|0||||||||	|0||||||||	|0||||||||	|0||||||||	|0||||||||	|0||||||||	|0||||||||	|0||||||3.7|5.9|	|0||||||3.9|7.1|	|0|21.1|1.3|23.8|460368||3.8|7.6|	|0|21.4|1.33|23.9|472657||3.8|9|	|0|20.9|1.45|24|510589||5.3|7|	|0|21.2|||||3.2|6.9|	|0|21.9|1.43|24.4|497689||2.8|6.7|	|0|21.9|1.46|24.5|502595||1.4|7.8|	|0|21.4|1.53|24.5|520705|34422|1.1|6.1|
Georgia	Gruzie	0	|0||||||||	|0||||||||	|0||||||||	|0||||||||	|0||||||||	|0||||||||	|0||||||||	|0||||||||	|0||||||||	|0||||||||	|0||||||||	|0||||||||	|0||||||||	|0||||||||	|0||||||||	|0||||||||	|0||||||||	|0||||||||	|0||||||||	|0||||||||	|0||||||||	|0||||||||	|0||||||||	|0||||||||	|0||||||||	|0||||||||	|0||||||||	|0||||||||	|0||||||||	|0||||||||	|0||||||||	|0||||||||	|0||||||||	|0||||||||	|0||||||||	|0||||||||	|0||||||||	|0||||||||	|0||||||||	|0||||||||	|0||||||||	|0||||||||	|0||||||||	|0||||||||	|0||||||0.4|3.4|	|0||||||0.4|4.1|	|0|54.4|1.41|24.8|47795||0.5|5|	|0|43.9|1.45||||0.5|5.7|	|0|34.3|1.66||||0.7|7.2|	|0|31.4|1.85|24.2|63377||0.9|7.2|	|0|36.6|1.81|24.5|62585||1.1|7.8|	|0|33.8|||||1.3|6.9|	|0||||||||
Monaco	Monako	0	|0||||||||	|0||||||||	|0||||||||	|0||||||||	|0||||||||	|0||||||||	|0||||||||	|0||||||||	|0||||||||	|0||||||||	|0||||||||	|0||||||||	|0||||||||	|0||||||||	|0||||||||	|0||||||||	|0||||||||	|0||||||||	|0||||||||	|0||||||||	|0||||||||	|0||||||||	|0||||||||	|0||||||||	|0||||||||	|0||||||||	|0||||||||	|0||||||||	|0||||||||	|0||||||||	|0||||||||	|0||||||||	|0||||||||	|0||||||||	|0||||||||	|0||||||||	|0||||||||	|0||||||||	|0||||||||	|0||||||||	|0||||||||	|0||||||||	|0||||||||	|0||||||||	|0||||||2.5|5.2|	|0||||||||	|0||||||||	|0||||||||	|0||||||||	|0||||||||	|0||||||||	|0||||||||	|0||||||||
